planta,fecha_evento,empresa,tipo_evento,descripcion_incidente,danos_reales_o_potenciales,fuente_peligro,es_verificado,fuente_archivo
LATAM 400,2025-01-06,ALICORP,DANO MATERIAL,"Siendo las 6:31 a.m. el operador de montacargas se encontraba haciendo uso del equipo MYA64 realizando la descarga de mercadería de un camión en la  rampa 19, ya por finalizar el proceso,  el operador descarga una de las paletas restantes, retrocede y luego avanza con la mercadería en dirección hacia la rampa 18, el colaborador comenta que es en ese momento que dormita y choca contra la pared de la rampa 18. ",Daño a las instalaciones,EQUIPO LOGISTICO,,tablero_2025_2026
EEII COPSA PULP 4,2025-01-24,ALICORP,ACTIVACION MECANICA DE ROCIADOR,"El día de hoy a las 15:50, en el almacén EE/II COPSA PUL4, se registró un incidente de alto potencial durante el almacenamiento de mercadería. Durante la maniobra, la parte superior del pallet topa el aspersor accidentalmente, provocando su activación.
Se emitió la alerta, el equipo de seguridad planta acudió al evento de forma inmediata; así mismo, se realizó un hard stop operativo para sensibilizar el incidente al 100% del personal.
 No se registran daños personales y se cuantificará los daños materiales ocasionados por el evento.
Se procederá con la investigación correspondiente para determinar los detalles adicionales.",Daño a las instalaciones,EQUIPO LOGISTICO,,tablero_2025_2026
MOLINO CALLAO,2025-01-26,ALICORP,ARRANQUE DE EQUIPO,"Durante el arranque de la planta, el trabajador [NOMBRE] detectó que uno de los equipos no contaba con la faja correspondiente. De inmediato, envió una comunicación vía mensaje whatsapp al coordinador encargado del arranque para solicitar un retraso en el proceso.

Sin embargo, el coordinador de turno, quien se encontraba en la sala de supervisión, mencionó no haber visto el mensaje de Vilchez y continuó con el arranque.

Al observar que las máquinas comenzaban a ponerse en marcha, Robinson decidió retirarse de la zona y se dirigió a la sala de supervisión.",Lesiones o fatalidad,EQUIPO DE MOLINERIA,,tablero_2025_2026
LURIN 3,2025-01-27,INTRADEVCO,FUGA DE OLEUM,"Durante la producción se identificó una filtración de Oleum de la tubería que sale del filtro de gases de SO3. Luego se procedió a parar la producción y empezar el proceso de desgasificado de las líneas productivas para intervenir y corregir la fisura, después de 1h se inicia la intervención de la tubería, retirando el enchaquetado para ubicar el punto exacto de fuga, y en ese momento se incrementa la fuga Oleum, generando liberación de gases al entrar en contacto con el ambiente.",Intoxicación,SUSTANCIA QUIMICA,,tablero_2025_2026
CD HUACHIPA,2025-01-28,ALICORP,CAIDA DE ACOPLE,"A partir de las 5:30 p.m. se inició la presurización de la red aérea del sistema ACI instalado en el CD Huachipa. Luego de emplear la bomba jockey para levantar presión se procedió a activar la bomba principal. Tras la 3era activación de dicha bomba principal un tramo de tubería ubicada en la azotea de la zona de vestidores se desplazó 50 cm, separándose del tramo de tubería adyacente que quedó fijo (el codo también se separó de la columna a la cual estaba anclado). El acople que unía ambos tramos cayó a 6 metros de su posición original (sobre la misma azotea de la zona de vestidores). En ese momento, se liberó el caudal del agua que cubrió el techo de la azotea y descendió también al primer piso (zona de acceso a los vestidores y estacionamiento). Además del acople caído, se registró desprendimiento del tarrajeo donde se ubicaba el anclaje del codo mostrado en la foto. El incidente está en proceso de investigación.",Lesiones  ,TUBERIA DE SERVICIOS,,tablero_2025_2026
CD PIURA,2025-01-29,ALICORP,AMAGO DE INCENDIO,"Durante el proceso de descargue en CD Piura, se observó un pequeño amago de incendio debajo de la cabina del camión. En ese momento, el almacén procedió a activar la alarma contra incendios. Sin embargo, se identificó que la unidad ya contaba con un dispositivo bloqueador de energía, siendo así, ya no fue necesario el uso de extintores y demás, puesto que el amago se apagó automáticamente y casi de inmediato. ",Incendio,FUEGO,,tablero_2025_2026
CD SANTA CRUZ,2025-02-13,ALICORP,DANO MATERIAL,"En fecha 13 de febrero de 2025, el montacarguista de turno, operador del equipo TOWMOTOR GP25S, regresaba de la cámara fría tras completar el traslado de producto terminado para continuar con sus labores en la operación. 
Durante el traslado por la zona, la uña derecha se engancha en el enmallado que delimita la zona, lo atraviesa y perfora producto apilado en el lugar. El operador retira el montacargas para revisión del daño material. ",Daño de malla de protección,EQUIPO LOGISTICO,,tablero_2025_2026
CD LATAM 600,2025-02-19,ALICORP,DANO MATERIAL,"Alrededor de las 11:34 horas del 19/02 el operador ETV finalizaba de realizar una tarea de almacenaje en la cámara refrigerada, y al salir con el mástil del equipo elevado, impactó con la parte superior del marco de la puerta de la cámara de frio, generando la caída de una parte de este al piso. Por tal motivo, la puerta de acceso a la cámara refrigerada queda bloqueada hasta su reparación. 
No se reportó daños personales.",Daño de marco de puerta,EQUIPO LOGISTICO,,tablero_2025_2026
APT FIDEERIA,2025-02-21,ALICORP,INCIDENTE,"Aproximadamente a las 20:40 horas, un ayudante de despacho se encontraba empujando la mercadería para que esta pueda ser recogida por el montacarguista para luego ser cargada en la unidad de transporte. Sin embargo, debido a que la paleta ubicada en la parte delantera tenía un tamaño menor en comparación con las posteriores, no advirtió su presencia y continuó con la maniobra, lo que provocó la caída de la mercadería hacia la parte exterior del muelle.
Afortunadamente no hubo daños materiales ni personales ya que el personal del patio de maniobras se encontraba apartado.",Potencial daño material o personal,EQUIPO LOGISTICO,,tablero_2025_2026
CDC,2025-02-23,TERCERA,ALTO POTENCIAL,"Al promediar las 12:10, personal tercero se percata que un balón de gas (nuevo) montado en el equipo RUA01 presentaba una fuga, inmediatamente informa la jefe de turno quien solicita apoyo mediante la radio al centro de control.
A los pocos minutos personal de seguridad se acercan para revisar el balón, donde comprueban que existe una ligera fuga, inmediatamente proceden a taparlo con jabón y aislar el balón.
Luego de ello se procedió a informar al proveedor ZGAS para que retire el balón con fuga.",Explosión de balón de gas,BALON DE GLP,,tablero_2025_2026
GALLETERA/SIDSUR,2025-02-24,ALICORP,ALTO POTENCIAL,"Durante el arranque de producción de inicio de semana de la línea 2, el ayudante hornero [NOMBRE] identifica un amago de incendio en un pedazo de masa (20 cm) de galletas que se desplaza por la malla del horno, Eloy  comunica al coordinador [NOMBRE] acerca del evento. Ambos trabajadores proceden a parar la faja para controlar el amago. Posterior a ello se apagan los equipos y componentes mecánicos hasta que se eliminen las brasas generadas por el amago. No se registraron daños materiales ni personales.",Potencial incendio ,FUEGO,,tablero_2025_2026
CD HUACHIPA,2025-02-27,ALICORP,DANO MATERIAL,"Aproximadamente a las 11:30, un operador de montacarga eléctrico realizaba el proceso de almacenaje. Tenía una tarea de cajas de aceites que mandaba al séptimo nivel. Cuando se encontraba colocando la paleta sintió que se atoró, posiblemente por motivo de una caja sobresalida y al no poder seguir ingresando la paleta, optó por sacarla. Sin embargo, ya estaba la paleta sentada sobre el parante y al momento del retroceder alza nuevamente las uñas de la máquina y generó que la paleta se incline por un lado y caiga toda la mercadería.
Afortunadamente no hubo daños personales, pero si materiales.",Daño paleta de aceite,EQUIPO LOGISTICO,,tablero_2025_2026
GALLETERA & INSTANTANEOS,2025-02-27,ALICORP,ALTO POTENCIAL,"Aproximadamente a las 10:58 horas en la enfardeladora de postres (Boato), durante el proceso de embolsado de gelatina, se presentó un amago de incendio en la lámina microperforada. 
Afortunadamente solo hubo daños materiales mínimos ya que el personal reacción rápido para controlar dicho amago.",Potencial incendio ,FUEGO,,tablero_2025_2026
ALMACEN COPSA ENVASES COPSA,2025-02-28,ALICORP,DANO MATERIAL,"Alrededor de las 11:15 horas del 28/02, el operador de ETV al realizar la maniobra para bajar un pallet del cuarto nivel, que tenía un insumo en bidones sin estar empacado de stretch film, pierde equilibrio y se caen 4 bidones del pallet afectando a otros materiales y al piso del almacén por el derrame ocasionado. No se reportó daños personales.",Daño paleta de insumo líquido,EQUIPO LOGISTICO,,tablero_2025_2026
LURIN 3,2025-03-06,INTRADEVCO,ALTO POTENCIAL,"Al promediar las 3:25 am, mientras se realizaba el proceso de recirculación del tanque 4 de [NOMBRE] (HLAS), se produjo la fisura de la sección lateral del manifold N° 2, que inició el derrame del mencionado producto químico. A las 5:00 am se recibió la llamada del agente de seguridad de garita reportando un derrame en la zona de despacho y se activó el plan de contingencias para la contención del derrame.",Intoxicación,SUSTANCIA QUIMICA,,tablero_2025_2026
CD LATAM 600,2025-03-13,ALICORP,DANO MATERIAL,"Aproximadamente a las 8:00 am, el conductor de la empresa Corzev se acercó a su unidad y se percató que el lado lateral izquierdo de la cabina había sido impactado. Inmediatamente, procedió a comunicarse con el almacén para revisar lo sucedido.
En la revisión de las cámaras se observó que la unidad con placa BBX945 de Transportes e [NOMBRE], al momento de estacionarse, fue la causante del impacto.",Daño al camión,EQUIPO LOGISTICO,,tablero_2025_2026
MOLINO PAITA,2025-03-17,MASTERBREAD,DANO MATERIAL,"Aproximadamente a las 15:54 pm. el Operador de Montacarga de [NOMBRE]; realizaba el proceso de trasladar 18 paletas de la zona de paletas limpias a la zona de empaque; el operador al ver que no tenía visibilidad optó por trasladarse en retroceso, sin embargo, cuando estuvo cerca a la puerta, quiso frenar, y en lugar de pisar el freno, presionó el acelerador, impactando la máquina con la puerta elevadiza automática.",Daño a las instalaciones,EQUIPO LOGISTICO,,tablero_2025_2026
CD EL ALTO SENKATA,2025-03-22,ALICORP,ALTO POTENCIAL,"En fecha 22 de marzo, a horas 10:05 am, durante el desprecintado de la compuerta del contenedor de importación para descarguio, el estibador de la empresa tercera BMG corta el precinto naviero con las tenazas donde por la fuerza ejercida al momento del corte una parte del precinto superior sale disparada hacia el rostro del colaborador, el mismo llega a rozar la parte izquierda de la nariz causándole corte superficial. Se procedió a dar primeros auxilios donde se desinfecto la zona de la herida y se puso una banda protectora.",Lesiones,PRECINTO DE CAMION,,tablero_2025_2026
CD AREQUIPA,2025-03-26,ALICORP,DANO MATERIAL,"El día 26 de marzo, a horas 04:10 am, el operador de ETV [NOMBRE] se encontraba terminando una operación en el pasillo 10. Posterior a eso, se le asigna una operación en el pasillo 6, por lo cual se dirige por la parte posterior del almacén (pegado a la pared) a trasladarse desde el pasillo 10 al pasillo 6. El operador, sin carga, inicia el recorrido del elevador con el mástil hacia adelante; cuando en la columna entre el pasillo 8 y 9, golpea con la parte de la batería del elevador un gabinete contra incendio y lo daña. Procede a parar su operación y a reportar lo acontecido. No se generó ningún daño al personal. Se informa a seguridad para validar el mantenimiento correctivo del equipo de emergencia. La investigación se encuentra en curso.",Daño a las instalaciones,EQUIPO LOGISTICO,,tablero_2025_2026
CD AREQUIPA,2025-04-03,ALICORP,DANO MATERIAL,"El día 03 de Abril a las 03:05 pm, el operador de Montacargas de [NOMBRE] en el equipo MYA07 se encontraba cargando la unidad con paletas vacías, eleva la ruma de paletas y al momento de cuadrarla dentro del camión; la última paleta choca con la estructura de la unidad cayendo sobre el mástil del montacarga causando la rotura del faro delantero derecho del equipo, el operador para la maniobra, apaga el equipo y comunica el incidente. El operador no sufrió ningún daño. ",Daño a equipo logístico,EQUIPO LOGISTICO,,tablero_2025_2026
APT GALLETERA,2025-04-04,ALICORP,INCIDENTE,"Al promediar las 11:30 a.m. el operador de combustión [NOMBRE], se encontraba realizando la labor de carga del contenedor a través de una rampa metálica de color azul, cuando terminó de realizar la carga del contenedor, quiso cerrar la llave de este, al no poder alcanzarlo, utilizó como soporte las uñas del montacargas, previamente haberlo apagado, este incidente de alto potencial no ocasionó daños personales en el operador. La investigación continúa en curso.            ",Lesiones ,EQUIPO LOGISTICO,,tablero_2025_2026
LURIN 1,2025-04-11,INTRADEVCO,ALTO POTENCIAL,"Siendo las 21:32 horas durante el inicio de la descarga de sal industrial, se produjo el vuelco de la tolva de descarga del camión de la empresa Transler EIRL, que es subcontratada por el proveedor de sal industrial (Sociedad punta de lobos Perú SAC).
No se registraron personas afectadas
Se procede con la investigación del evento",Lesiones o fatalidad,VEHICULO DE CARGA,,tablero_2025_2026
GALLETERA & INSTANTANEOS,2025-04-15,ALICORP,INCIDENTE,"Aproximadamente a las 20:45 cuando el trabajador [NOMBRE] transitaba por la batidora de masa 3, sintió tras él la caída de una herramienta (llave francesa) del personal tercero quienes estaban realizado trabajos de limpieza de filtros en altura, cabe mencionar que el área no se encontraba delimitada por la empresa [NOMBRE] CRC por lo que no se había restringido el tránsito en esa zona.",Lesiones ,EQUIPO MANUFACURA,,tablero_2025_2026
GALLETERA & INSTANTANEOS,2025-04-23,ALICORP,INDICENTE,"Aproximadamente a las 16:24 hrs el trabajador [NOMBRE] se encontraba realizando la limpieza del equipo Mezclador #3 cuando al introducir la pala con la que remueve el producto este queda atrapado en  las aspas del equipo en mención, por lo que el operador suelta la pala de forma apresurada y procede a apagar el equipo, luego procede a comunicar el suceso al Ingeniero de [NOMBRE].",Lesiones ,EQUIPO MANUFACURA,,tablero_2025_2026
CDC,2025-04-26,ALICORP,DANO MATERIAL,"El sábado a las 19:05, en el almacén CDC zona de Cámara de Frio (Pasillo 15), se registró un incidente de alto potencial durante el almacenamiento de un pallet con mantas térmicas en el 4to nivel de la estantería rack. Durante la maniobra, la parte superior del pallet topa el aspersor accidentalmente, provocando su activación.
Se emitió la alerta por medio del radio al equipo de seguridad industrial, a lo cual el inspector [NOMBRE] acudió al evento de forma inmediata. Este último realizó el cierre de válvulas de agua de la zona.
Por otro lado, se comunicó al electricista de turno para la revisión de la zona por riesgos eléctricos. Así mismo, se realizó un hard stop operativo para sensibilizar el incidente al 100% del personal.
El operario involucrado fue dirigido al Tópico para su evaluación médica post-incidente a lo cual medicina ocupacional nos indicó que guardara reposo hasta terminar su jordana, no presenta ningún daño físico.
No se registran daños estructurales y se cuantificará los daños materiales ocasionados por el evento.",Daño a producto terminado,EQUIPO LOGISTICO,,tablero_2025_2026
ALMACEN DE INSUMOS FIDERIA,2025-04-29,ALICORP,INCIDENTE,"Alrededor de las 01:30 p.m., el operador [NOMBRE] se encontraba ejecutando la labor de almacenamiento de una paleta de devolución, utilizando un ETV. Durante la maniobra, una de las mangueras del equipo logístico presentó una falla repentina, lo que provocó la ruptura de esta y la consiguiente fuga de aceite hidráulico al piso.
Tras el incidente, se activaron los protocolos correspondientes: se procedió de inmediato con la limpieza y contención del derrame, asegurando el área y evitando cualquier tipo de exposición o riesgo adicional.           
Este incidente no ocasionó daños personales en el operador. La investigación continúa en curso.            ",Daño a las instalaciones,EQUIPO LOGISTICO,,tablero_2025_2026
SIDSUR,2025-04-29,ALICORP,ALTO POTENCIAL,"[NOMBRE] 29/04/2025 a las 06:20 am, en el vestuario de Operadores de planta Galleteria ,se observa incidente de alto potencial  en el tablero eléctrico alimentación planta de 220 V trifásico , el cual genera la emisión de humo debido a un corto circuito en el cable de alimentación de extractores del vestuario. 
El personal del área de mantenimiento se acercó a la zona y evidenció un fusible activado y unos cables quemados, posteriormente se comunicó a todo el personal del área de galletería para atender el incidente. 
No se registraron daños personales.  ",Potencial incendio ,INSTALACIONES ELECTRICAS,,tablero_2025_2026
SIDSUR,2025-05-02,ALICORP,ALTO POTENCIAL,"El viernes 02 de mayo a las 9:50 pm, durante el turno 3 se presentó un incidente en la zona de casilleros de la planta galletería, donde parte del cielo raso cayó.
Se tomaron medidas inmediatas para asegurar el área, el acceso fue restringido desde ayer, además se comunicó a los trabajadores de turno acerca del incidente y la restricción de acceso, el día de hoy se realizaron labores de retiro del material caído y el resto de estructura sobrante.",Potencial daño material o personal,TECHO DE INSTALACION,,tablero_2025_2026
CDC,2025-05-08,ALICORP,CAIDA DE PRODUCTO,"El jueves 08.05 alrededor de las 9am, en el almacén CDC zona Nave nueva (Pasillo 3), se registró un incidente de alto potencial durante el almacenamiento de un pallet con cajas de aceite en el 4to nivel del flowrack F1-01-02. Durante el almacenamiento, producto del movimiento, la cama superior del pallet se ladeó provocando la caída de 14 cajas (13 quedaron en el flowrack y 1 cayó al piso), generado derrame de líquido.
Se procedió con el cercado de zona afectada para restringir el tránsito de equipos eléctricos. Se activó al equipo de Alteliza para el inicio de trabajos y al proveedor Flamil para el recupero de cajas en rack.
El operador ETV no presenta ningún daño físico ni tampoco se registran daños estructurales. Producto del evento, 8 cajas fueron enviadas a la zona de PNC.
Se realizó hardstop para comentar lo sucedido con el equipo y reforzar el enfoque en seguridad. Se procederá con la investigación correspondiente para determinar los detalles adicionales.",Potencial daño material o personal,MERCADERIA ALMACENADA,,tablero_2025_2026
LURIN 1,2025-05-08,INTRADEVCO,FUGA DE CLORO,"Al promediar las 17:25 horas un colaborador que se encontraba cerca a la zona de formulación de hipoclorito de sodio al 8% reporta presencia de olor a cloro. Inmediatamente se procede con la activación del protocolo de emergencias y la evacuación del personal. Las lecturas arrojaron valores por debajo de 2.25 ppm con duración inferior a un minuto.
No se registraron personas afectadas
Se procede con la investigación del evento",Intoxicación,SUSTANCIA QUIMICA,,tablero_2025_2026
NANA,2025-05-14,MASTERBREAD,DANO MATERIAL,"El día 14/05/2025 un colaborador de la empresa MANPOWER se encontraba realizando despacho de materia prima hacia el área de producción operando un transpalet eléctrico, el cual se encontraba retrocediendo hacia la puerta de ingreso de producción en ese instante se rompió el selector de marcha del equipo por lo que perdió el control e impactando con la puerta elevadiza. Su reacción en ese instante fue presionar el botón de emergencia para que el equipo se detuviera y no siga avanzando.
Cabe resaltar, que el equipo contaba con su mantenimiento preventivo y su check list de pre-uso actualizado.",Daño a las instalaciones,EQUIPO LOGISTICO,,tablero_2025_2026
PREDIO CENTRAL,2025-05-21,ALICORP,DERRAME DE PRODUCTO QUIMICO,"El día 21/05, a las 17:45 p.m., se reportó un incidente de alto potencial en la zona de tanques de [NOMBRE], ubicado en el predio Callao.
El operador del área de [NOMBRE], que está al costado de la zona de tanques, nos alerta sobre un derrame de [NOMBRE] en la zona de descarga del insumo. Al realizar la consulta al operador de tanques, nos comenta que la causa preliminar puede haberse originado debido a que el conductor ha regado con agua la zona para limpiar su manguera con la que descarga el insumo y no ha dejado en buenas condiciones el espacio. ",Potencial daño al medio ambiente y personales,SUSTANCIA QUIMICA,,tablero_2025_2026
GALLETERA & INSTANTANEOS,2025-05-23,ALICORP,INCIDENTE,"El día 23 de mayo a las 07:14 a.m., se reportó un incidente con alto potencial de riesgo en el área de elaboración L1, en la planta de galletas. Durante la operación de elevación de una artesa (depósito de masa) hacia la tolva del laminador, el operador masero olvido asegurar correctamente el manubrio de la artesa antes de ejecutar la elevación.
Como consecuencia de esta omisión, el manubrio cayó y quedó apoyado contra la puerta del equipo, generando un punto de palanca entre la artesa y dicha puerta. El operador, al no mantener ojo y mente en la actividad, no se dio cuenta de la condición anómala. Esto provocó la deformación de las uñas de sujeción del sistema elevador de artesas y el deterioro del mecanismo de elevación.
Ante la situación, el equipo de mantenimiento y seguridad acudió de inmediato al área para acordonarla, asegurar la zona y proceder con el descenso controlado de la artesa que había quedado suspendida.",Potencial daño material o personal,PARTE DE EQUIPO,,tablero_2025_2026
SALSAS,2025-05-30,ALICORP,INCIDENTE,"Operador de manufactura abre el caño del bidón de aceite de mostaza al 10% para hacer el fraccionamiento en un jarrón. En ese momento, el operador deja el caño abierto y se dirige a realizar otra actividad, segundos después regresa y se percata de que se había producido el derrame de aprox. 8 litros de aceite de mostaza. Se retiran del lugar, dejando los ambientes ventilados e ingresa el inspector de seguridad para atender la emergencia.",Potencial daño material o personal,SUSTANCIA QUIMICA,,tablero_2025_2026
CHORRILLOS,2025-05-30,INTRADEVCO,DANO MATERIAL,"El día de hoy a las 10:45 horas, se reportó un incidente con daño material en la zona de picking del APT Chorrillos. El operador de transpaleta eléctrica mientras trasladaba una paleta con PT, subió la rampa, calculó mal y chocó con una baranda causando daño material.
",Daño a las instalaciones,EQUIPO LOGISTICO,,tablero_2025_2026
LURIN 6,2025-05-30,INTRADEVCO,DANO MATERIAL,"El día de hoy a las 12:24 horas, se reportó un incidente con daño material en el patio de maniobra de Lurin 6. La unidad de transporte de residuos sólidos retrocedió y chocó con el soporte del extintor, causando su rotura. 
",Daño a las instalaciones,VEHICULO DE CARGA,,tablero_2025_2026
APT FIDEERIA,2025-06-02,ALICORP,ALTO POTENCIAL,"Aproximadamente a la 1:30 PM, un colaborador OMC se acerca a uno de los montacargas de combustión que se encontraba estacionado en el patio de maniobras y escucha que había una fuga de gas de la parte delantera del equipo. Procede a cerrar la válvula del balón para evitar el pase del gas y se comunica con el analista de turno. Se procede a llamar al equipo de SSOMA quienes brindaron soporte de inmediato. Junto con el personal Inhouse del proveedor se determinó que el origen de la fuga era una manguera rota al interior del montacargas. No se registraron daños personales.",Explosión de balón de gas,BALON DE GLP,,tablero_2025_2026
CD HUACHIPA,2025-06-04,ALICORP,ALTO POTENCIAL,"Aproximadamente a las 05:15 pm, se reportó un incidente de alto potencial en el patio de maniobras de CD Huachipa. El controlador de patio de turno, durante el proceso de dirigir a una unidad de transporte en la maniobra de retroceso (desde una distancia prudente y a un lado de la unidad), tropezó con el sardinel y cayó levemente al gras ubicado al costado de la pared del predio, esto generó que el conductor de la unidad no tenga una alerta oportuna del punto máximo al que debería retroceder e impactó ligeramente la pared.
Ante el contacto de la unidad de transportes con la pared, el conductor detuvo la unidad. El incidente fue reportado de inmediato al jefe de turno.",Potencial daño material o personal,VEHICULO DE CARGA,,tablero_2025_2026
MARGARINAS Y MANTECAS,2025-06-05,ALICORP,ALTO POTENCIAL,"El día de hoy aproximadamente 03:30 pm, se reportó un incidente de alto potencial en el área de margarinas ubicada en planta Copsa.  Durante la recirculación de producto en la línea de margarinas de formato 45gr se produce una fuga de amoniaco líquido por el oring del cilindro del cristalizador de dicha línea.
Al identificar la fuga, se evacuó al personal de planta,  se cerró la válvula de ingreso de amoniaco a dicho equipo por parte del líder de mantecas siguiendo el protocolo de emergencia vigente lográndose contener la fuga. A raíz de este evento, una colaboradora se sintió afectada por dicho gas derivándose al tópico para la atención pertinente.
El incidente se encuentra en investigación.",Intoxicación,SUSTANCIA QUIMICA,,tablero_2025_2026
DETERGENTES CALLAO,2025-06-07,ALICORP,ALTO POTENCIAL,"Durante el desmontaje de la compuerta del transportador de sulfato de sodio realizado por la empresa contratista INFINITO se produjo la caída del motor + transportador durante la maniobra. No se registraron daños personales.
Se realizó el cercado y aseguramiento del área, verificando que no queden equipos suspendidos que puedan generar algún riesgo.
El evento se encuentra en proceso de investigación",Potencial daño material o personal,EQUIPO DE MANUFACTURA,,tablero_2025_2026
JABONERIA,2025-06-07,ALICORP,ALTO POTENCIAL,"El día de hoy, aproximadamente a las 12:45 a. m., se reportó un incidente de alto potencial en la Paila 5, ubicada en la zona de Efluentes (exterior de la planta Jabonería). Se produjo una filtración de ácido sulfúrico hacia el drenaje de la planta, lo que generó una reacción con el agua presente, provocando la emisión de vapores que eventualmente ingresaron al interior de la planta.
Al detectar la presencia de vapor, se procedió de inmediato a evacuar al personal de la planta Jabonería, siguiendo el protocolo de emergencia correspondiente, con el objetivo de contener y controlar la generación de vapores.
Actualmente, el incidente se encuentra bajo investigación.",Intoxicación,SUSTANCIA QUIMICA,,tablero_2025_2026
APT FIDEERIA,2025-06-08,ALICORP,ALTO POTENCIAL,"El 08/06 aproximadamente a las 07:35 p.m. se reportó un incidente de alto potencial en el APT Fideería. El conductor de la empresa de transportes Pacífico subió a su vehículo estacionado e intentó encenderlo. En ese momento ocurrió un amago de incendio en la zona de baterías ubicada en el lado izquierdo del tracto.
El conductor bajó de la unidad y usó un extintor disponible en las oficinas para apagar el fuego. El evento fue controlado de forma inmediata y reportado al equipo presente.
No hubo personas afectadas y la unidad fue remolcada. La investigación del evento está en curso.",Potencial incendio ,VEHICULO DE CARGA,,tablero_2025_2026
APUDEX,2025-06-13,APUDEX,DANO MATERIAL,"Alrededor de las 12:29 el proveedor Peru BN trasladaban un andamio a la parte externa de la nave 2.
Al momento de trasladarlo no se percataron del espejo panorámico chocando con este y rompiéndose en su totalidad y cayeron residuos del espejo al piso, no hubo lesiones personales
Se paro el trabajo inmediatamente y se cercó el lugar con conos para evitar el tránsito.
Actualmente, el incidente se encuentra bajo investigación.",Daño a las instalaciones,ANDAMIO,,tablero_2025_2026
PREDIO CENTRAL,2025-06-13,ALICORP,POTENCIAL DANO MATERIAL O PERSONAL,"El 13/06 aproximadamente a las 3 p.m. se reportó un incidente de alto potencial en la salida vehicular de Fideería. Una unidad perteneciente a la empresa JMA CARGO impactó con el vehículo de una colaboradora de Alicorp. El vehículo de JMA se encontraba en dirección a la salida vehicular de Fideeria con sus luces de giro en dirección a la Izquierda, en ese momento el vehículo menor se aproximaba para el punto de control de salida. 
Cuando el vehículo se intenta estacionar en el punto de control de salida, la unidad de JMA dobla a la derecha (sentido contrario a lo indicado con las luces) y es donde por el radio de giro de la unidad termina impactando al vehículo menor generando que este sea arrastrado unos metros hacia al costado (Berma).
El incidente ocasionó solo daños materiales, el conductor de la unidad de JMA ha sido bloqueado para el ingreso al predio y la investigación del evento está en curso.",Potencial daño material o personal,VEHICULO DE CARGA,,tablero_2025_2026
SALSAS,2025-06-18,ALICORP,DANO MATERIAL,"A las 13:25 hrs se reporta fuga de agua en ablandador ubicado en el tercer piso de planta, por rotura de unión roscada en válvula. De inmediato se reporta a mantenimiento para el cambio de la válvula. Debido a esta fuga se originó un aniego en el techo de planta evidenciándose filtración en la zona de envasado lo que provocó el desprendimiento del techo de drywall.  No hubo personal afectado",Daño a las instalaciones,EQUIPO DE MANUFACTURA,,tablero_2025_2026
LURIN 1,2025-06-24,INTRADEVCO,ALTO POTENCIAL,"Al promediar las 09:00 horas personal de producción detecta olor a cloro por la zona de tratamiento de efluentes no recuperables. Inmediatamente se procede con la activación del protocolo de emergencias y la evacuación del personal. Las lecturas arrojaron valores por debajo de 1.25 ppm.
Producto del evento, una persona fue derivada al tópico para atención y posteriormente se reincorporó a sus actividades.",Potencial daño material o personal,SUSTANCIA QUIMICA,,tablero_2025_2026
PREDIO CENTRAL,2025-06-26,ALICORP,ALTO POTENCIAL,"El 26/06 aproximadamente a las 10:30 a.m. se reportó un incidente de alto potencial en la zona de descarga de ácido sulfónico del predio [NOMBRE] momento de ingresar a la zona para la descarga del material, la Unidad de Transporte impacta con posapié de ascenso a cabina la tranquera de acceso, la cual no se encontraba completamente abierta.
Este evento fue alertado por el supervisor de seguridad patrimonial del predio, dando conocimiento a seguridad industrial y al responsable del área.
Se hizo una prueba de dosaje etílico al chofer la cual salió negativo.
El incidente ocasionó daños materiales leves.",Daño a las instalaciones,VEHICULO DE CARGA,,tablero_2025_2026
SALSAS 1 – COPSA,2025-07-01,ALICORP,ALTO POTENCIAL,"El día de hoy, aproximadamente a las 00:02 a.m., cuando operadora de manufactura se encontraba elaborando mayonesa, escucha un fuerte sonido, producto de la ruptura de una las ventanas de vidrio templado que se tiene en el área. Parte del vidrio templado cae sobre el piso de manufactura, sin afectación del personal.
Acciones inmediatas:
La operadora, acciona la botonera de emergencia para comunicar el incidente y tomar las medidas pertinentes. El ingeniero de turno coordina con la líder y el inspector de seguridad, las medidas necesarias para asegurar el área y poder reiniciar activades.
Situación actual:
El incidente se encuentra en proceso de investigación. ",Potencial daño material o personal,VENTANA DE VIDRIO,,tablero_2025_2026
PLANTA HIPOCLORITO – LURIN N° 1,2025-07-01,INTRADEVCO,ALTO POTENCIAL,"Al promediar las 05:20 horas, durante el proceso de arranque de producción de hipoclorito de sodio se inició la succión de efluentes de la poza hacía los tanques de neutralización correspondiente. Durante esta operación el operador percibe el gas Cloro por los tanques de efluentes no recuperables.
Inmediatamente se procede con la activación del protocolo de emergencias y la evacuación del personal. Las lecturas arrojaron valores hasta 10ppm
No se registraron personas afectadas.
Se procede con la investigación del evento",Intoxicación,SUSTANCIA QUIMICA,,tablero_2025_2026
PLANTA FRASCOS– COPSA,2025-07-03,ALICORP,ALTO POTENCIAL,"El día de hoy, alrededor de las 06:45 a.m., mientras los operarios del área de encajado realizaban sus actividades con normalidad, se escuchó un fuerte ruido . Al verificar el origen del sonido, el personal identificó la rotura de una ventana de vidrio templado.
Acciones inmediatas:
•	Se detuvo la operación de forma inmediata.
•	Se delimitó el área afectada para garantizar la seguridad del personal.
•	Se retiraron los restos de vidrio para evitar riesgos de contaminación y accidentes.
•	Los materiales del proceso de encajado fueron rotulados y retirados de la planta como medida preventiva.
Situación actual:
El incidente se encuentra en proceso de investigación para determinar la causa raíz y establecer las acciones correctivas necesarias.",Potencial daño material o personal,VENTANA DE VIDRIO,,tablero_2025_2026
MOLINO PAITA,2025-07-03,MASTERBREAD,ALTO POTENCIAL,"Durante el proceso de descarga de trigo se alertó de un olor extraño en la zona de 5to piso al ingreso de zona de silos de concreto; se dio aviso al área de calidad para realizar las mediciones de fosfamina-PH3 con el equipo Dragër en toda la instalación del molino, obteniendo valores mayores a cero en 2 puntos críticos: sótanos de silos de concreto y 5to piso sobre los silos de concreto (manhole). Se realizaron diversas mediciones en planta, tolvas de descarga, hangares de almacenamiento (empresa tercera) y en las cámaras de la nave de importación y se determinó que la presencia de fosfamina estaba en el trigo a granel, el mismo que fue fumigado previo al envío de la nave.
Acciones inmediatas:
•	Se bloquearon los accesos a las zonas críticas identificadas.
•	Se paró la descarga de trigo y se envió al almacén tercero.
•	Se realizaron mediciones periódicas de las concentraciones de fosfamina.
•	Se realizó ventilación forzada con un extractor de aire en las áreas críticas identificadas (sótanos).
Situación actual:
Las áreas críticas se encuentran en medición periódica cada 2 horas de las concentraciones de fosfamina hasta asegurar una concentración de 0 ppm. Finalmente, se están realizando las investigaciones respectivas junto al equipo de importación de MMPP para reforzar el flujo de información y tomar medidas preventivas en el caso se requiera.",Intoxicación,SUSTANCIA QUIMICA,,tablero_2025_2026
PREDIO CENTRAL,2025-07-04,ALICORP,ALTO POTENCIAL,"El 04/07 aproximadamente a las 08:30 a.m. se reportó un incidente de alto potencial en el almacén IN01 en EEII Detergentes.
Al momento de almacenar el insumo granel Oxiper SHC - Percarbonato de Sodio, en el 6to nivel de anaquelería acumulativa, se oye un ruido atípico y el pallet cae hasta el primer nivel.
A nivel personal, el operador fue trasladado al tópico donde se confirmó su óptimo estado de salud; a nivel proceso, se bloqueó el acceso al pasillo afectado hasta el término de las labores de limpieza. 
Este evento fue alertado por el equipo y, junto con el equipo de seguridad industrial, realizamos un [NOMBRE] en las operaciones. 
El incidente ocasionó daños materiales (1Big Bag de mercadería no operativa).
La investigación del evento está en curso, los mantenemos al tanto de la misma.",Potencial daño material o personal,MERCADERIA ALMACENADA,,tablero_2025_2026
APUDEX,2025-07-11,APUDEX,ALTO POTENCIAL,"Alrededor de las 10:14 am la empresa de transporte TACSA, al momento de retroceder para salir a su ruta para [NOMBRE], no se percata y choca con uno de los parantes de acceso peatonal, generando el deterioro de este parante (roto) ",Daño a las instalaciones,VEHICULO DE CARGA,,tablero_2025_2026
CD LAMBAYEQUE,2025-07-11,ALICORP,ALTO POTENCIAL,"El día viernes 11 de julio del 2025 a las 08:39 horas el personal de vigilancia [NOMBRE] de la empresa CASEVIP, proveedor de servicios de seguridad a RANSA  llama al chofer [NOMBRE] de la empresa TRANSCOM para que ingresara a  realizar la descarga  de productos al CD [NOMBRE], después de unos minutos se procede con el ingreso y antes de que ingrese en su totalidad el portón mecánico colisiona con la parte trasera izquierda de dicha unidad los daños son para ambas partes la unidad queda golpeada y con platinas rotas y el portón raspado doblado y descentrado.  ",Daño a las instalaciones,VEHICULO DE CARGA,,tablero_2025_2026
INTRACAN,2025-07-11,INTRADEVCO,ALTO POTENCIAL,"Alrededor de las 3:15 pm del 11/07 el operador de transpalet eléctrico procedió a aperturar la rampa N°6 para realizar un despacho. Presionó el botón para elevar la puerta y justo antes de que se aperture en su totalidad evidencia que el cable del riel izquierdo se rompe, en ese momento el operador presiona el botón de stop para parar la operación; al momento de presionarlo se desprendió un pasador del riel derecho de aproximadamente 4 m de altura que cae e impacta en la cabeza del operador que en ese momento tenía el casco de seguridad. El operador procede a reportar el incidente al supervisor y al monitor de turno.

Consideraciones:
•	No se presentaron daños personales.
•	El incidente se encuentra en investigación.",Potencial daño material o personal,PUERTA ENROLLABLE,,tablero_2025_2026
PLANTA HIPOCLORITO – LURIN N° 1,2025-07-12,INTRADEVCO,ALTO POTENCIAL,"El día sabado 12.07.2025 a las 13.09 horas el conductor [NOMBRE] de la empresa TRANSPORTES RODRICK con el tracto AFG907 y la carreta D6A991 se encontraba realizando traslados de PT entre los centros Planta 1 Lurín -Intracloro. Al momento de llegar al último predio mencionado, al ingresar de retroceso (forma de ingreso regular) el conductor impactó el porton de ingresó con la parte derecha de la carreta. Se tuvo daños en el transporte y en el porton. Se procederá con la investigación al respecto.",Daño a las instalaciones,VEHICULO DE CARGA,,tablero_2025_2026
DETERGENTES CALLAO,2025-07-12,ALICORP,ALTO POTENCIAL,"El sábado 12/07 aproximadamente a las 02:55 AM, se presenta un corto en la mordaza de la enfardadora 2003, generando que la lámina plástica de enfardado se empiece a quemar, en ese instante el operador del equipo activa la parada de emergencia y utiliza un extintor de PQS para apagar las llamas incipientes.
Se comunica el hecho al área de mantenimiento para el desenergizado y bloqueo del equipo.
El evento se encuentra en proceso de investigación.",Potencial incendio ,EQUIPO DE ENVASADO,,tablero_2025_2026
LABORATORIO MICROBIOLOGIA - PREDIO CENTRAL,2025-07-15,ALICORP,ALTO POTENCIAL,"Alrededor de las 07 am del 15/07, personal del laboratorio de Microbiología que iniciaba sus labores se percata un olor a quemado en la sala de Lavado de Materiales, encontrando que uno de los autoclaves empleados para la esterilización de desechos tenía hollín por fuera. 
Al abrir el equipo, se evidenció que el material al interior del equipo se encontraba chamuscado.
El equipo en mención estuvo en funcionamiento a las 10:15 pm del 14/07, momento en que el personal del 2do turno lo deja en modo termostato, pero, por razones que se encuentran en investigación, posteriormente la temperatura aumentó sin control, ocasionando el incidente mencionado, aproximadamente entre la 01:00 am y las 03:00 am del 15/07.
Consideraciones:
No se presentaron daños personales.
El incidente se encuentra en investigación.",Potencial incendio ,EQUIPO DE LABORATORIO,,tablero_2025_2026
PLANTA COCHABAMBA,2025-07-18,ALICORP,ALTO POTENCIAL,"El día miércoles 16 de julio de 2025, durante la operación de carguío de producto terminado en el segundo turno, el colaborador encargado de conducir el montacargas detectó que una de las llantas de la máquina se encontraba pinchada. Por tal motivo, se suspendió el uso del equipo a la espera de su reparación al día siguiente.
El día 17 de julio, el colaborador del primer turno constató que la llanta se encontraba completamente desinflada, lo que impedía el uso del gato hidráulico para su remoción. Por esta razón, se utilizó otro montacargas para elevar la máquina y se colocaron tacos de madera con el fin de retirar la llanta y proceder con su reparación.
Se está realizando la investigación para determinar las acciones correspondientes.",Potencial daño material o personal,EQUIPO LOGISTICO,,tablero_2025_2026
APT FIDEERIA,2025-07-21,ALICORP,ALTO POTENCIAL,"El analista de turno se encontraba haciendo el inventario de balones de gas de la jaula cuando notó que de uno de ellos empezó a fugar gas. En ese momento pulsó la alarma contra incendios, y el equipo de inspectores de SSOMA llegó al lugar de inmediato. Se procedió con el aislamiento del balón, validaron que la fuga no continúe e identificaron que el acople que conecta el balón con la válvula de alivio se encontraba deteriorado. Debido a ello se realizó el vaciado del balón. El evento continúa en investigación. No se registraron daños personales. ",Explosión de balón de gas,BALON DE GLP,,tablero_2025_2026
LURIN 4,2025-09-01,INTRADEVCO,ALTO POTENCIAL,"Aproximadamente a las 07:40 p.m. del 1/09, durante el proceso de secado en la planta detergente Lurin, se produjo un desacople de los elementos de sujeción de las tuberías que transportan la pasta del detergente hacia el interior de la torre de secado, generando que esta salga expulsada antes de entrar a la torre de secado. El operador del área cierra la válvula para detener el derrame y da aviso a la sala de control para detener la operación. No se registraron daños personales.",Lesiones,INSUMOS EN POLVO,,tablero_2025_2026
CD HUACHIPA,2025-09-08,TERCERA,ALTO POTENCIAL,"Aproximadamente a las 07:40 p.m. del 8/09, durante el proceso de instalación de stickers en la nave de CD Huachipa, a cargo de las contratistas WC y Segecon, no se percataron y dejaron un taco en la base del tijeral, el mismo que al descender presiono el taco y lo proyecto hacia la parte externa.
Se detuvieron los trabajos, hasta que las contratistas envíen su plan de acción, así mismo, ambas contratistas deberán reevaluar la documentación presentada en campo. ",Lesiones,TACO DE VEHICULO,,tablero_2025_2026
CD BOLIVIA,2025-09-12,TERCERA,ALTO POTENCIAL,"El dia 12/09/2025 a las 23:00 hras aproximadamente, a través de las cámaras de video vigilancia se evidenció que, una vez concluida la carga de la unidad de transporte 4505-CLL y durante el proceso de encarpado, el conductor [NOMBRE] realiza una maniobra con un alto nivel de riesgo: 
Ascendió por la parte posterior del furgón hasta llegar a la parte superior de la unidad sin contar con un sistema de protección contra caídas. En todo momento se observó que no portaba arnés de seguridad ni se encontraba conectado a una línea de vida, exponiéndose a un riesgo elevado de accidente.

Esto representa un acto inseguro con alto potencial de caída a desnivel. Esta situación constituye una falta al cumplimiento de las medidas de seguridad establecidas para trabajos en altura, generando un riesgo significativo tanto para la integridad del conductor como para la operación misma.",Lesiones o fatalidad,ACTO INSEGURO,,tablero_2025_2026
GALLETERA & INSTANTANEOS,2025-09-16,ALICORP,ALTO POTENCIAL,"El 16 de septiembre, a las 08:00 horas, mientras un trabajador de empresa contratista operaba un equipo de manipulación de cargas (Tawi) para levantar un saco de azúcar, el equipo se desprendió de su sistema de anclaje y cayó de forma repentina.",Potencial daño material o personal,EQUIPO DE MANUFACTURA,,tablero_2025_2026
CD AREQUIPA,2025-09-22,ALICORP,DANO MATERIAL,"El día 22/09/2025 a las 11:22 horas aproximadamente, en el Centro de [NOMBRE] se presentó un incidente de alto potencial. Durante el traslado en Montacarga de una paleta de harina destinada a despacho en el Anexo 4, el personal detectó que la carga se inclinaba hacia el lado izquierdo, por lo que procedió a detener la operación de manera inmediata.
Al realizar la inspección correspondiente, se evidenció que una de las uñas del montacargas se había fracturado internamente, presentando signos de corrosión no visibles en la parte exterior. Como consecuencia directa, se produjo la caída de 17 sacos de harina al suelo.
Es importante considerar que el operador no realizó una maniobra inadecuada ni se registró ningún tipo de impacto o colisión con la unidad. En este caso, se percibe que la falla estuvo asociada al desgaste interno de la uña, el cual no era perceptible a simple vista. Nos encontramos en proceso de investigación.",Daño a las instalaciones,EQUIPO LOGISTICO,,tablero_2025_2026
APUDEX,2025-09-24,APUDEX,ALTO POTENCIAL,"Alrededor de las 07:50 am la empresa de transporte [NOMBRE], quien venia de [NOMBRE] para dejar productos terminados, al momento de retroceder para ingresar a la zona de espera, no se percata y choca con uno de los parantes de acceso peatonal.
generando la rotura del mismo.",Potencial daño material o personal,VEHICULO DE CARGA,,tablero_2025_2026
LURIN 4,2025-09-29,INTRADEVCO,ALTO POTENCIAL,"Durante el proceso de extracción de mercadería para despacho a planta, se produce la caída de bobinas desde el quinto nivel sobre pallets con envases, quedándose 04 de ellas sobre un pallet en el cuarto nivel que luego fueron retiradas tomando las medidas respectivas de seguridad.
Según protocolo, el operador fue atendido en tópico donde se corroboró que no tuvo ningún tipo de daño.
La investigación se encuentra en curso.",Potencial daño material o personal,MERCADERIA ALMACENADA,,tablero_2025_2026
PLANTA HIPOCLORITO – LURIN N° 1,2025-09-30,TERCERA,ALTO POTENCIAL,"Alrededor de las 16:20 hrs, la empresa TRANSVIDA procedía a levantar una caja ecológica con el intercambiador, cargada de calaminas proveniente del retiro del techo parabólico de la nave ex Reciclaje PET. Al proceder a izar la carga, sufre una inclinación quedando en la posición mostrada en la imagen.

Se procedió a detener los trabajos, activar plan de emergencia de proveedor y reposicionar la caja ecológica.

No se registraron daños personales.
",Potencial daño material o personal,VEHICULO DE CARGA,,tablero_2025_2026
CD RANSA,2025-10-02,RANSA,ALTO POTENCIAL,"[NOMBRE] de combustión realizó el retiro de una paleta del bloque de harinas puesta en segundo nivel sin considerar que había una paleta más encima. Al cargar ambas paletas y moverlas generó inestabilidad y parte del producto de la segunda paleta cae contra el piso y el montacargas. Se validó que el personal no tiene ningún daño, sólo hay daño material. Junto con el equipo de HSE de Ransa y el Supervisor de turno [NOMBRE].

Como acciones iniciales se tomaron acciones:
- Cerrar la zona
- Realizar el recojo y limpieza del producto y la zona
- Coordinar con proveedor de montacargas para revisión y retiro del montacargas
- Derivar al colaborador con el área de HSE y dar por finalizado su turno.",Lesiones incapacitantes,EQUIPO LOGISTICO,,tablero_2025_2026
CHORRILLOS,2025-10-02,INTRADEVCO,ALTO POTENCIAL,"Aproximadamente a las 19:20 h, se produjo una mezcla accidental entre el granel Desatorador de Baño (hipoclorito de sodio al 10.5%) y el granel Desmanchador de Ropa (peróxido de hidrógeno al 50%), generando una reacción química con liberación de oxígeno y formación abundante de espuma, la cual se desbordó del tanque de elaboración y se extendió hasta el patio de planta.
El incidente no ocasionó daños personales y se encuentra actualmente en proceso de investigación para determinar las causas y acciones preventivas correspondientes",Derrame,MEZCLA ACCIDENTAL DE QUIMICOS,,tablero_2025_2026
CDC,2025-10-03,RANSA,ALTO POTENCIAL,"El operador del equipo [NOMBRE], mientras realizaba el traslado de mercadería por la rampa de acceso desde la [NOMBRE] hacia la [NOMBRE], informó que la máquina perdió potencia y se apagó repentinamente. Ante esta situación, el operador procedió a activar el botón de emergencia, sin embargo, este no respondió. Como resultado, el equipo rodó cuesta abajo sin control, hasta colisionar con la baranda de seguridad.

[NOMBRE]:

Se verificó inmediatamente el estado de salud del operador, sin presentarse lesiones ni afectaciones a su integridad física. El incidente resultó únicamente en daños estructurales al equipo y a la infraestructura.

El operario procedió llenar la hoja de testimonio y posterior a ello su traslado al tópico para evaluar su condición. Se han solicitado cámaras de seguridad de la zona para evidenciar el acto e investigación. Se realizó la charla de seguridad por el evento con los operarios.",Lesiones o fatalidad,EQUIPO LOGISTICO,,tablero_2025_2026
SIDSUR,2025-10-06,ALICORP,ALTO POTENCIAL,"Se recibió el reporte de un colaborador que identificó restos de concreto en el piso de la zona de tránsito peatonal adyacente al silo de concreto. Tras la verificación en campo, se confirmó que el material provenía del borde superior del silo. No se registraron daños personales ni materiales. El incidente ha sido clasificado como de alto potencial y se encuentra en proceso de investigación.",Lesiones incapacitantes,SILO DE CONCRETO,,tablero_2025_2026
LURIN 1,2025-10-07,INTRADEVCO,ALTO POTENCIAL,"Durante la producción de hipoclorito de sodio (10.5%), el sistema SCADA no permitía realizar funciones de control con los equipos de plantas, deteniendo automáticamente todos los equipos. Al inactivarse los equipos, dentro de ellos la bomba del Scrubber (Soda caustica) y el sistema de extracción, se origino fuga de gas cloro que fue detectado por los sensores. 

Como parte del protocolo, se activó el pulsador manual para la evacuación del personal hacia la zona segura.

El personal de instrumentación intervino de forma oportuna, procediendo a activar manualmente el lavador de gases y el sistema de extracción para controlar la emisión de gas cloro.

Se procedió con el protocolo de evaluación medica preventiva a todo el personal (74 personas entre propios y terceros) y se identificaron 19 personas son afectaciones leves que están en seguimiento médico.",Intoxicación,CLORO,,tablero_2025_2026
DETERGENTES LURIN,2025-10-29,INTRADEVCO,DERRAME DE PASTA,"Aproximadamente a las 04:30 p.m. del 29/10, durante el proceso de batido de detergente, se produjo el rebalse de pasta neutralizada del tanque autolimpiante, generando el derrame de esta sobre la estructura y el piso. Una vez identificado el derrame, desde la Sala de Control se detuvo el proceso de batido. No se registraron daños personales ni materiales.",Derrame,PASTA NEUTRALIZADA,,tablero_2025_2026
SIDSUR,2025-10-30,ALICORP,ALTO POTENCIAL,"El hornero de turno tarde reportó que se tenía presencia de humo en la salida del horno de la línea 2, la línea se encontraba minutos previos al arranque de un SKU, pero aún no se había ingresado masas al horno.
Posterior a ello se le comunicó al área de seguridad con quién se acudió al punto y en ese proceso se activaron las alarmas sonoras, solicitando soporte de brigadistas para realizar la evaluación y brindar la atención del incidente.
En el lugar se realizó el retiro de la galleta de la parte baja de la malla y se utilizó un extintor para detener las brasas de la galleta, con el soporte de los inspectores de seguridad y personal de elaboración, se controlaron las trazas de brasas y con ello de disipó el humo del ambiente.",Potecial incendio,HORNO DE GALLETAS,,tablero_2025_2026
MARGARINAS Y MANTECAS,2025-10-30,ALICORP,ALTO POTENCIAL,"El día 30 de octubre aproximadamente mediodía se reportó un incidente de alto potencial en el área de margarinas ubicada en planta Copsa.  Durante la recirculación de producto en la línea de mantecas 1 se activa la válvula de alivio de la unidad de amoniaco 2 del cristalizador Kombinator 1 lo cual origina que por un momento se emane el gas al medio ambiente. 
 
Al identificarse la activación de la válvula de alivio, se evacuó al personal de planta siguiendo el protocolo de emergencia vigente. 
 
El incidente se encuentra en investigación.",Intoxicación,EQUIPO DE CRISTALIZACION,,tablero_2025_2026
DETERGENTES CALLAO,2025-10-31,ALICORP,ALTO POTENCIAL,"Aproximadamente a las 10:00 p.m. del 31/10, durante el cambio de balones de GLP de un montacargas de combustión, se produjo la fuga de gas por uno de los balones que abastece al equipo. Al detectar la fuga, el operador procede evacuar y comunicar del evento a personal [NOMBRE], los cuales controlan el incidente. 
No se registraron daños personales ni materiales.
El incidente se encuentra en proceso de investigación.",Explosión de balón de gas,BALON DE GLP,,tablero_2025_2026
CD HUACHIPA,2025-11-04,ALICORP,ALTO POTENCIAL,"En CD Huachipa, a la 1:50 am un operador de ETV estuvo realizando una maniobra de extracción del 7mo nivel, durante la actividad, no calculó bien y levantó el travesaño superior, generando un desprendimiento de este. En ese momento el OMSUP le dio soporte para sostener la base y liberar los pallets que se encontraban en ubicación. No hubo daño del personal, pero sí del rack. Se tiene bloqueada la zona para evitar el tránsito.

Se le ha tomado el testimonio al colaborador y se procederá a realizar la investigación pertinente.",Lesiones o fatalidad,EQUIPO LOGISTICO,,tablero_2025_2026
PREDIO CENTRAL,2025-11-07,WESTFALIA,ALTO POTENCIAL,,Atropello,AUTO DE TRANSPORTE,,tablero_2025_2026
CD HUACHIPA,2025-11-08,ALICORP,ALTO POTENCIAL,"Al finalizar una extracción en el pasillo 10 - 106 - 1 (nivel 1) el Operador de ETV al realizar un giro para continuar con su trayectoria, ocasionó que cayeran 3 baldes de la paleta por no tener un Stretch film correctamente ajustado. Se procedió a realizar el bloqueo del área y la limpieza correspondiente con el proveedor Cleaned. El operador no cuenta con daño personal y el producto fue llevado al área de PNC. 



Se reforzó con el colaborador tener mayor cuidado al momento de maniobrar y validar la condición del producto. ",Lesiones o fatalidad,EQUIPO LOGISTICO,,tablero_2025_2026
COPSA REFINERIA,2025-11-08,ALICORP,ALTO POTENCIAL,"Alrededor de las 9:30 hrs, el líder y el operador de la planta de [NOMBRE] detectan un olor a quemado en el primer nivel de la planta.
Revisando los equipos, observan gran cantidad de humo que se emana del aislamiento de la parte superior del tanque precapa T602 de la planta [NOMBRE] 1.
Realizando la comunicación respectiva a la jefatura y al inspector de seguridad, se decide detener el proceso y se atiende la emergencia activando todos los protocolos de seguridad establecidos, logrando controlar la humareda mediante adición de agua caliente.
El evento queda en investigación.",Incendio,AISLAMIENTO,,tablero_2025_2026
APT FARINACEOS,2025-11-10,ALICORP,ALTO POTENCIAL,El colaborador había dejado su equipo estacionado en su puesto de trabajo y cuando retornó se dio cuenta que el balón de gas back up colocado en el montacargas tenía fuga y la válvula de alivio se había criogenizado. El balón se encontraba sellado al momento de la fuga. El colaborador avisó al inspector de SSOMA que se encontraba en la zona y se procedió a activar la brigada de la planta [NOMBRE]. El personal fue evacuado y se controló el incidente. No hubo daños personales. El evento continúa en investigación.,Explosión de balón de gas,BALON DE GLP,,tablero_2025_2026
APT FIDEERIA,2025-11-10,ALICORP,ALTO POTENCIAL,"El colaborador se encontraba cargando un camión de traslado en el patio de maniobras del APT Fideería, cuando una unidad de cliente recoge de afrecho trató de girar dentro del mismo patio e impactó con la parte trasera del montacargas. El evento continúa en investigación",Lesiones o fatalidad,EQUIPO LOGISTICO,,tablero_2025_2026
SIDSUR,2025-11-10,ALICORP,ALTO POTENCIAL,"El hornero de turno tarde reportó que se tenía presencia de un amago de incendio en la zona superior del horno a la altura del extractor de aire N° 1 en la línea 2. De manera inmediata se apagó, se desenergizó y bloqueó el equipo; la línea contigua se detuvo debido a la presencia de humo y se activó la comunicación incluyendo a brigadistas dentro de planta. Posteriormente, se controló el amago utilizando el extintor del caso, se solicitó la presencia del equipo de mantenimiento para poder aperturar los equipos necesarios e identificar la cauda raíz del orígen del amago, en esta apertura se detectó trazas de lana de roca y presencia de remanente de grasas.",Incendio,MATERIAL COMBUSTIBLE SOLIDO,,tablero_2025_2026
CD BOLIVIA,2025-11-11,ALICORP,ALTO POTENCIAL,"En fecha 11 de octubre de 2025 a horas 18:40, el operador del montacarga TOWMOTOR GP255 realizaba traslado de racks móviles vacíos dentro de la zona de almacenaje como parte de la operación regular.

Durante la actividad, el operador no se percata de la presencia de un pallet con detergente en polvo (peso aprox. 500 kg) ubicado en el tercer nivel del apila pallet, estructura metálica diseñada para almacenamiento de producto terminado.

El apila pallet se encontraba parcialmente obstruido por la base de la estructura posterior, lo que ocasionó la detención inmediata de la operación, evitando una posible caída de carga o daño material. Ante la situación, se estabilizó la estructura y se procedió al retiro controlado del pallet sin incidentes ni daños personales o materiales.

La investigación se encuentra en curso para identificar las causas raíz y establecer medidas preventivas orientadas a mejorar la visibilidad de carga y el control de condiciones en altura.",Lesiones o fatalidad,EQUIPO LOGISTICO,,tablero_2025_2026
MOLINO FAUCETT,2025-11-14,ALICORP,ALTO POTENCIAL,"Siendo aproximadamente las 11:00 hr. se percibe un olor a quemado en el sector del Envasado de [NOMBRE]. Se procede a la inspección de las diferentes áreas de las líneas productivas, encontrándose que el mismo provenía del almacén de envases e insumos, donde se detecta que unos envases de cartón contenidas en una parihuela habían tenido un proceso de ignición pero que ya se encontraba sofocado. El evento se encuentra en proceso de investigación.",Incendio,MATERIAL COMBUSTIBLE SOLIDO,,tablero_2025_2026
CDC,2025-11-15,ALICORP,ALTO POTENCIAL,"Aproximadamente a las 7:00 p. m., se presentó un incidente de alto potencial. Durante el proceso de almacenaje de una paleta de aceite, en el quinto nivel del rack acumulativo, la paleta impactó la base del rack, ocasionando el desprendimiento de una de las tablas inferiores y generando la desestabilización y caída de la carga. Es importante destacar que el operador no sufrió lesiones.",Lesiones o fatalidad,EQUIPO LOGISTICO,,tablero_2025_2026
PREDIO CENTRAL,2025-11-17,TRANSPORTES FERMIN,DANO AMBIENTAL,"El día 17 de noviembre, aproximadamente a las 6:30 p.m., se recibió una llamada del Supervisor de G4S informando sobre una fuga de petróleo. Tras el reporte, se confirmó la presencia del derrame en la zona indicada.
Placa del vehículo:  C9Q-812
Empresa: Transportes  FERMIN",Derrame de petroleo,VEHICULO DE CARGA,,tablero_2025_2026
CD HUACHIPA,2025-11-20,ALICORP,ALTO POTENCIAL,"Dutante la extracción de una paleta completa desde el cuarto nivel, el operador del montacargas eléctrico no insertó correctamente las horquillas, levantando primero la viga y provocando la caída de la paleta contigua hasta el primer nivel. El colaborador resultó ileso y sólo se registraron daños materiales.",Lesiones o fatalidad,EQUIPO LOGISTICO,,tablero_2025_2026
CD DETERGENTES LURIN,2025-11-21,INTRADEVCO,DANO AMBIENTAL,"Durante el proceso de descarga de una UT, la manguera del mástil del montacargas se rompe y salpica hidrolina. El colaborador se encontraba utilizando sus lentes de seguridad.
Según protocolo, el operador fue atendido en tópico donde se corroboró que no tuvo ningún tipo de daño.
La investigación se encuentra en curso.",Fuga de hidrolina,EQUIPO LOGISTICO,,tablero_2025_2026
GALLETERA & INSTANTANEOS,2025-11-24,ALICORP,DANO MATERIAL,"El día 24 de noviembre aproximadamente a las 08:00 hrs, el abastecedor de turno se desplazaba con el equipo 960 (Apilador) hacia el Almacén de Insumos para realizar el traslado de materiales. Al aproximarse al punto de ingreso, observó que la puerta levadiza se encontraba completamente abierta, por lo que procedió a avanzar.

Durante el acercamiento, la puerta inició un descenso inesperado, generando un leve impacto entre la parte superior del apilador y la base inferior de la puerta, ocasionando una deformación en el panel.

Personal tercero (FLAMIL) acudió de inmediato para brindar soporte y se detuvieron las operaciones en la zona como medida preventiva. El evento se encuentra en investigación.",Daño a puerta elevadiza,EQUIPO LOGISTICO,,tablero_2025_2026
CD LATAM 600,2025-11-25,ALICORP,ALTO POTENCIAL,"El operador de Traspaleta – Senatino se encontraba realizando el acercamiento de pallets hacia la rampa para su despacho, el operador no se percata de la presencia de su compañero de Senati, quien se encontraba transitando por la zona peatonal, el operador invade la zona peatonal y empuja a su compañero con el equipo logístico.
Se le brindó los primeros auxilios de forma inmediata al colaborador afectado y luego de una evaluación por central de emergencias, se determinó que no era necesario la llegada de la ambulancia.",Lesiones o fatalidad,EQUIPO LOGISTICO,,tablero_2025_2026
CD BOLIVIA,2025-11-26,BM GROUP,ALTO POTENCIAL,"En fecha 26 de noviembre de 2025 a Hrs. 12:46 pm posterior al horario de almuerzo, en los predios de nuestro proveedor logístico LOGRA, el cual nos alquila la nave de almacenamiento G11; el colaborador externo de la empresa BM Group se dirige de una zona de hidratación general en LOGRA hacia el almacén G11 a continuar con sus labores, cuando intempestivamente un taxi de color plateado (gris) conducido por personal de la empresa ROMABERH – DEX, la cual trabaja como nuestro cliente en el mismo predio, se dirige hacia su persona casi a punto de impactar contra el (no se registraron daños personales), se desconocen los motivos por los cuales el personal de la DEX tomo ese actuar, así mismo cabe señalar que posterior a la revisión de cámaras se evidencia lo reportado por el colaborador y de igual manera se evidencia que el transporte tenía un espacio disponible para su tránsito.",Atropello,AUTO DE TRANSPORTE,,tablero_2025_2026
DETERGENTES LURIN,2025-12-05,INTRADEVCO,ALTO POTENCIAL,"Aproximadamente a las 01:40 a.m. del 05/12, en la sala de bombas (primer nivel), durante la operación de la bomba de alta presión B, se produjo el desacople repentino de uno de los tapones de los cabezales de la bomba generando el derrame y salpicadura de pasta en la zona. Desde la Sala de Control se detectó el sonido anómalo y se detuvo el proceso. No se registraron daños personales.
El incidente se encuentra en proceso de investigación.",,,,tablero_2025_2026
CDC,2025-12-06,,ALTO POTENCIAL,"El sábado 6 de diciembre, aproximadamente a las 8:00 a.m., se detectó un fuerte olor a ácido en el cuarto de baterías, proveniente de siete baterías antiguas de los equipos ETV que se encontraban en mal estado. El olor generó malestar entre el personal de almacén y planta. El equipo de Seguridad intervino de inmediato y dispuso el aislamiento y retiro urgente de dichas baterías.",,,,tablero_2025_2026
GALLETERA & INSTANTANEOS,2025-12-11,ALICORP,DANO MATERIAL,"Aproximadamente a la 1:00 p. m., el operador de almacén se disponía a bajar un pallet con bobinas de Chocobom desde el cuarto nivel de los racks utilizando el apilador. Al momento de retirar la carga, la parte posterior del pallet se desprendió y varias bobinas cayeron al piso. Se estima que cayeron entre 5 y 6 bobinas, de las cuales 4 resultaron dañadas en el cono, generando una merma aproximada de 55 kg. Las bobinas ubicadas en la tercera cama estaban en la parte posterior y no se habían movido, mientras que los saldos de la última cama permanecían visibles. El evento esta en investigación.",,,,tablero_2025_2026
APT FIDEERIA,2025-12-13,TRANSPORTES TACSA,DANO MATERIAL,"La unidad de transporte de placa tracto: B6V972, se encontraba circulando dentro del patio de Fideería, Callao. El conductor intentó estacionarse y al realizar la maniobra impactó levemente contra el poste de la vía, solo hubieron daños materiales, no hubo ninguna lesión al conductor. La investigación del evento se encuentra en curso.",,,,tablero_2025_2026
PREDIO CALLAO,2025-12-16,S. G. NILSON,INCIDENTE,"El miércoles 16/12/2025 alrededor de las 12:00pm, personal tercero de la empresa S. G. Nilson, se encontraba realizando actividades de limpieza en la sala de bombas del Buhler N°2 en la cual estaba limpiando la guarda del motor, cuando parte del trapeador cuelga hacia el eje del motor en funcionamiento, generando el atrapamiento del trapeador.
El evento se encuentra en investigación.",,,,tablero_2025_2026
GALLETERA & INSTANTANEOS,2025-12-17,ALICORP,ALTO POTENCIAL,"Esencial a la estructura propia del artesa como tambien al enrejado de seguridad.
Siendo las 09:10 horas aproximadamene, durante la maniobra de posicionamiento y elevación de la artesa de masa hacia el recolector mediante la plataforma hidráulica, se produjo una falla mecánica en el sistema de aseguramiento (pestillo/seguro) del manubrio de la artesa.
Dicha falla ocasionó la apertura involuntaria del seguro, provocando la liberación intempestiva y caída del manubrio hacia la zona de operación. Si bien no hubo contacto con el personal, el evento generó una condición de riesgo crítico por caída de objeto contundente, con potencial de causar lesiones severas al colaborador que se encontraba en la línea de fuego.",,,,tablero_2025_2026
MASTERBREAD CAJAMARQUILLA,2025-12-18,AGRONEGOCIOS CASAGRANDE,DANO MATERIAL,"El 18 de diciembre del 2025, a las 08:15 a. m., la unidad de transporte del proveedor de maíz, [NOMBRE], durante la maniobra de retroceso para su posicionamiento junto a la tolva de recepción, impactó contra la base de la plataforma, ocasionando daños estructurales. Cabe indicar que este hecho ocurrió al no contar con un personal vigía (paletero) que guíe la maniobra, generando una condición insegura en el área. No se registraron lesiones al personal. El evento se encuentra en proceso de investigación.",,,,tablero_2025_2026
GALLETERA & INSTANTANEOS,2025-12-20,ALICORP,INCIDENTE,"Siendo aproximadamente las 4:40 a. m., durante la incineración de la malla del horno de la línea 1, en la parte posterior del equipo se observó la presencia de abundante humo. El coordinador de elaboración informó de inmediato al ingeniero de turno, quien a su vez comunicó la situación al inspector de seguridad del predio. Al acudir al punto, y considerando la cantidad de humo acumulado en el área, se procedió a la apertura de las puertas de emergencia para facilitar su disipación. Durante esta acción, las brasas de carbón de galleta presentes en la zona comenzaron a arder, por lo que el equipo operativo de planta utilizó un extintor para sofocar el fuego. El evento fue controlado oportunamente, sin registrarse daños materiales ni lesiones al personal. El incidente se encuentra actualmente en investigación.",,,,tablero_2025_2026
GALLETERA & INSTANTANEOS,2025-12-21,ALICORP,INCIDENTE,"Siendo aproximadamente las 12:30 horas, una aprendiz se encontraba realizando labores de limpieza en la mesa de trabajo, cuando de manera repentina, varias bandejas cayeron, una de ellas impactó en la mano izquierda de la aprendiz, golpeando el dorso de la mano y ocasionando un corte leve en el tercer dedo.
Ante lo ocurrido, se procedió a trasladar a la aprendiz al tópico, con la finalidad de que reciba atención médica oportuna.",,,,tablero_2025_2026
MOLINO PAITA,2025-12-22,ALICORP,INCIDENTE,"El lunes 22/12/2025 alrededor de las 14:45pm, se desprendió un pedazo de Eternit del techado del área de paletizado en la zona del robot. Esto fue causado por el desprendimiento de una dilatación ubicada en el exterior del molino como consecuencia de los fuertes vientos. Cabe precisar que no hubo personal afectado durante este suceso.
De inmediato cercamos el área y se activaron los protocolos de comunicación hacia el personal para evitar el tránsito hasta corregir la condición.
El evento se encuentra en investigación.",,,,tablero_2025_2026
PLANTA HIPOCLORITO – LURIN N° 1,2025-12-27,TRANSPORTES S&R (TRANSVIDA),INCIDENTE,"En momentos en que la unidad BKS-703 se encontraba realizando el izaje del contenedor de residuos no aprovechables (7m3) en el acopio de residuos de planta, el perno de la cadena del lado derecho se desprende dejando la carga ladeada sobre la base de la plataforma de la unidad. 
Inmediatamente el conductor procedió a apagar el vehículo y a activar el plan de emergencia: aislamiento de la zona, solicitud de auxilio mecánico externo, entre otros. No se registraron daños personales.
La investigación se encuentra en curso.",,,,tablero_2025_2026
CD AREQUIPA,2025-12-27,VIRGEN DE SILLOTA,INCIDENTE,"El día sábado a las 17:00 horas el conductor de la empresa VIRGEN DE SILLOTA, el tracto M1U-857 / carreta V5U-985, se encontraba realizando traslados de PT de HHII por el anexo 6. En esa circunstancia, por dar pase a otra UT y retroceder a la vez esta impacta ligeramente con un sujetador de base moviéndola 20 cm de su sitio habitual. Se están realizando las investigaciones. No se tienen daños personales.",,,,tablero_2025_2026
COPSA – MARGARINAS,2025-12-30,,ALTO POTENCIAL,"El día 30 de diciembre aproximadamente a las 07:30 pm, se reportó un incidente de alto potencial en la sala de compresores de la planta de Margarinas donde se evidenció fuga de gas amoniaco por el sello mecánico del compresor GEA2.
Se activó el sistema de comando de incidentes para atender la emergencia y se evacuó el personal que se encontraba por la zona, de manera preventiva.
El incidente se encuentra en investigación.",,,,tablero_2025_2026
CD HUACHIPA,2026-01-03,ALICORP SAA,DANO MATERIAL,"En CD Huachipa, alrededor de las 08:50 pm tuvimos un corte de energía eléctrica debido a un aparente corto circuito en la celda de media tensión de la subestación del predio. Se alerto de inmediato al equipo de seguridad y mantenimiento para que podamos hacer las revisiones preliminares y se ubicó humo dentro de la subestación. No fue posible usar el grupo electrógeno que se tiene en el predio ya que podría generar alguna complicación sin tener el diagnóstico por un especialista. Se asignó un proveedor especializado para atender el caso y para asignar un grupo electrógeno con el será posible operar mientras se da solución a la falla presentada. Se procederá a realizar la investigación pertinente.",,,,tablero_2025_2026
APT FARINACEOS,2026-01-06,ALICORP SAA,DANO MATERIAL,"El 6 de enero, aproximadamente a las 10:00 a. m., el equipo del [NOMBRE] se encontraba en la zona del robot de la línea de subproducto cuando se percibió un ruido proveniente del montacargas de combustión ubicado en el mismo sector. [NOMBRE] de Seguridad se acercó al punto y verificó la presencia de una fuga en la válvula de alivio del balón de gas de respaldo (back up). Ante esta situación, se activó la brigada de respuesta y en conjunto con el equipo de inspectores de Seguridad se procedió al vaciado controlado del balón, el cual se encontraba sellado y sin uso al momento del evento. El incidente permanece en investigación, no hubo daños personales ni materiales.",,,,tablero_2025_2026
COPSA – MARGARINAS,2026-01-08,ALICORP SAA,INCIDENTE,"El día 08 de enero aproximadamente a las 02:30 pm, se reportó un incidente en el área de envasado de planta Margarinas y Mantecas, donde se percibió el olor característico de gas amoniaco. Se activó el sistema de comando de incidentes para atender la emergencia y se evacuó al personal que se encontraba por la zona, de manera preventiva. La fuga fue por la válvula de alivió del sistema de seguridad del cristalizador Kombinator 4. El incidente se encuentra en investigación.",,,,tablero_2025_2026
APT MOLINO CALLAO,2026-01-08,ALICORP SAA,DANO MATERIAL,"Durante el traslado de PNC de producción desde la balanza antigua hacia la z6ona de robots (Zonas pertenecientes a planta), el OMC no se percató de que el portón no se encontraba completamente cerrado, y termina impactándolo, ocasionando su desprendimiento. No se registraron daños personales y el portón actualmente ya se encuentra operativo. Se estará realizando la investigación correspondiente para determinar las causas del incidente.",,,,tablero_2025_2026
CD AREQUIPA,2026-01-16,ALICORP SAA,INCIDENTE,"El día 16/01/2025, aproximadamente a las 15:00 horas, en el Centro de [NOMBRE], se presentó un incidente operacional. Durante el traslado de una paleta estándar vacía mediante montacargas, se desprendió uno de los listones de la paleta, el cual fue posteriormente pisado por el montacargas. De acuerdo con lo indicado por el operador, el montacargas únicamente pasó por encima del listón desprendido, sin que se haya registrado una maniobra inadecuada, impacto o colisión. Asimismo, no se reportaron daños personales ni afectaciones al montacargas. El evento no generó consecuencias adicionales. Nos encontramos en proceso de investigación.",,,,tablero_2025_2026
APT MOLINO CALLAO,2026-01-16,ALICORP SAA,DANO MATERIAL,"El día 16/01/2025, aproximadamente a las 15:50 horas, en el APT [NOMBRE], se presentó un incidente operacional. Durante la carga de subproducto, mientras el OMC estaba retrocediendo extrayendo una paleta, colisiona con el muro de protección de la columna, lo cual genera daño ligero en el muro y el contrapeso del montacargas. No se reporta daño personal alguno. El incidente está en proceso de investigación.",,,,tablero_2025_2026
DETERGENTES CALLAO,2026-01-18,ALICORP SAA,ALTO POTENCIAL,"Aproximadamente a las 03:10 p.m. del 18/01, durante el proceso de recepción de sulfato de sodio, se produjo el derrame del insumo por la parte superior del silo. Una vez identificada la desviación se realizó la detención del proceso y se realiza el control del evento. No se registraron daños personales ni materiales. El incidente se encuentra en proceso de investigación",,,True,tablero_2025_2026
CD LATAM 400,2026-01-21,CEVA,DANO MATERIAL,"El día 21/01/2026, aproximadamente a las 03:25 horas, en el Centro de [NOMBRE] 400, se presentó un incidente con daño material. Durante la extracción de una parihuela en el sexto nivel, el operario realiza un giro con la paleta aún en altura (maniobra prohibida), golpeando una tubería de la red contraincendio. El operario se percató del golpe e instantáneamente culminó la maniobra sin reportar daños personales, solo materiales. El evento no generó consecuencias adicionales. Nos encontramos en proceso de investigación.",,,,tablero_2025_2026
CD2 PLANTA 4 LURIN ITDC,2026-01-21,SAPISCO COMERCIAL,INCIDENTE,"El día 21/01/2026, aproximadamente a las 12:15 p.m., en el patio de maniobras del CD2 Lurin ITDC, en las maniobras para el armado y paletizado del material, al momento de bajar los sacos de manera manual, golpean un armado que estaba encima de la UT que no estaba empacado y ocasiona la caída de 6 sacos. El evento no generó consecuencias adicionales, no hubo daños personales y ni de materiales.Nos encontramos en proceso de investigación.",,,,tablero_2025_2026
DETERGENTES LURIN,2026-01-21,INTRADEVCO,ALTO POTENCIAL,"Aproximadamente a las 03:15 p.m. del 21/01, durante la elaboración de polvo pulidor, y posterior a una intervención realizada por el maquinista, la tapa del equipo quedó desajustada. Al reiniciarse la rotación de la mezcladora, la tapa se desprendió repentinamente, generando la dispersión del producto en el ambiente. El evento fue detectado de inmediato, procediéndose a la detención del equipo y a la evacuación del personal del área para controlar la situación. No se registraron daños personales ni materiales. El incidente se encuentra en proceso de investigación.",,,True,tablero_2025_2026
CD CUSCO,2026-01-21,ALICORP SAA,DANO MATERIAL,"El día 21/01/2025, aproximadamente a las 11:15 horas, en el Centro de [NOMBRE], se presentó un incidente operacional. Durante el traslado de PT desde el CD al canal de recepción Dexsur, el operador de montacargas intentó realizar el traslado de 2 paletas apiladas del producto SALSA. ALPESA KETCHUP 10X1KG 1CJA. Como consecuencia de este acto se originó la deformación de los productos de la paleta inferior y la caída del producto de la paleta superior mientras se realizaba el traslado. El incidente se encuentra en investigación.",,,,tablero_2025_2026
GALLETERA & INSTANTANEOS,2026-01-31,ALICORP SAA,INCIDENTE,"Aproximadamente a las 05:00 horas del sábado 31 de enero, un operador sufrió un golpe en el codo derecho al impactar con la esquina de una bandeja metálica de la faja de salida de la envasadora de refrescos R1. El evento ocurrió cuando el operador intentaba recuperar los sobres de refresco que no habían sido encajados por su compañera, produciéndose el golpe durante dicha maniobra. Al terminar el turno, el colaborador no reportó el evento.",,,,tablero_2025_2026
PREDIO CALLAO,2026-02-02,ALICORP SAA,INCIDENTE,"Aproximadamente a las 17:40 horas, una aprendiz sufrió un corte en el antebrazo derecho mientras realizaba la alimentación de galletas en la Torre 2. La aprendiz se ubicó en la parte anterior de la zona de alimentación por considerarlo más cómodo para la actividad, momento en el cual tuvo contacto con una parte metálica con bordes filosos.",,,,tablero_2025_2026
PREDIO SIDSUR,2026-01-30,ALICORP SAA,INCIDENTE,"Aproximadamente a las 08:00 h, durante la actividad de limpieza de filtros con aire comprimido en la azotea, una abrazadera se desprendió e impactó sobre el casco de un trabajador del servicio de limpieza que realizaba labores rutinarias en la zona",,,,tablero_2025_2026
PREDIO CALLAO,2026-02-03,ALICORP SAA,INCIDENTE,"Siendo aproximadamente las 07:40 horas, se desprendió un protector de luminaria, el cual cayó en las inmediaciones de la zona de moldeado de la Línea 1, generando una condición insegura que pudo haber ocasionado una lesión al colaborador que se encontraba realizando actividades en dicha etapa del proceso.",,,,tablero_2025_2026
GALLETERA & INSTANTANEOS,2026-02-04,ALICORP SAA,INCIDENTE,"El trabajador Operario de producción refiere que siendo las 02:06 horas, se encontraba dirigiéndose a tomar su refrigerio y transitaba por el sendero peatonal de planta (altura de Línea 1 y Línea 2 de envasado de galletas) cuando de pronto observo que su compañera estaba trasladando una bandeja con granel y decide moverse a un costado para ceder el paso, luego avanza y no se percata que delante suyo había una estructura metálica que pertenece a una faja, y golpea su muslo derecho contra la estructura.",,,,tablero_2025_2026
PREDIO CALLAO,2026-02-04,ALICORP SAA,INCIDENTE,"aproximadamente las 08:50 horas, una aprendiz acude a limpiar la faja de la línea 1 de envasado, esta estaba apagada, pero al lado había una faja en movimiento, ella se percata que esta faja estaba sucia y decide estirar la mano por encima de la cabeza para limpiarlo, en ello recibe un atrapamiento que provoca una herida en el dedo meñique de la mano derecha.",,,,tablero_2025_2026
GALLETERA & INSTANTANEOS,2026-02-05,ALICORP SAA,ALTO POTENCIAL,"Durante el traslado interno de productos no conformes (Galletas) realizados con un apilador eléctrico (1.5 TON), al momento de elevar el pallet con carga hacia la máquina de molienda este sufre un desbalance y vuelca lateralmente impactando contra el suelo",,,True,tablero_2025_2026
SIDSUR,2026-02-07,CALICORP,INCIDENTE,"Alrededor de las 11:40 am., el maquinista de la planta galletera, luego de culminar el cambio de bobina en la maquina Bosh N2, se encontraba utilizando una escalera de 3 peldaños. Al retroceder, el Trabajador refiere haber pisado al vacio, lo que ocasiono su caída, golpeandose la espalda y el tobillo.",,,,tablero_2025_2026
ATP GALLETERA,2026-02-06,ALICORP SAA,INCIDENTE,"El proveedor Autorel, que actualmente brinda servicios al área de Proyectos, ingresó al APT desde la zona de robots para hacer mediciones, cruzando la puerta que da acceso al patio de maniobras. En ese momento, el ETV que se encontraba en el exterior accionó el claxon con la intención de ingresar, sin embargo, el proveedor no percibió la señal auditiva y continuó su desplazamiento.El ETV se detuvo de manera inmediata cuando lo vio, sin embargo, se produjo un contacto leve con el proveedor a la altura del hombro con la parrilla",,,,tablero_2025_2026
SALSAS,2026-02-09,ALICORP SAA,INCIDENTE,"Siendo las 05:55 p.m. la trabajadora de manufactura de salsas 1 purga la línea de agua para el lavado de tolva; al momento de dejar la manguera de lavado en la tolva se da la vuelta y siente el agua caliente escurriéndose por su espalda, automáticamente sale del ambiente y llama a sus compañeros. Como primera medida se le aplica agua fría en la zona expuesta y se llama al equipo de tópico, brindándole los primeros auxilios",,,,tablero_2025_2026
LURIN,2026-02-10,INTRADEVCO,ALTO POTENCIAL,"Siendo las 3:51 am suena la alarma de detección de GLP indicando alerta de fuga en el bunker de la línea 04 marcando 72%/LEL, Inmediatamente se procede a bajar la llave de alimentación de gas y mediate el sistema de ventilación de extracción para disipar el gas de la zona. Posterior a ello, ingreso el equipo de producción y mantenimiento para determinar las causas de la fuga. Encontrándose el perno de sujeción de una de las boquillas roto.",,,True,tablero_2025_2026
PREDIO CALLAO,2026-02-10,ALICORP SAA,INCIDENTE,"Aproximadamente a las 07:40 horas, un personal tercero sufrió un corte en el dedo meñique de la mano izquierda mientras realizaba la limpieza del magazín de la máquina D1. La herida fue por contacto con una parte metálica filosa del magazín.",,,,tablero_2025_2026
GALLETERA & INSTANTANEOS,2026-01-31,ALICORP SAA,INCIDENTE,"Aproximadamente a las 13:00 horas del martes 10 de febrero, un operador tercero reportó dolor de fuerte intensidad en región lumbar. El operador a las 11:45 horas realizaba el traslado de una bandeja de galleta, momento en el cual, sintió un estirón en la zona lumbar. Con el transcurso de las horas, el dolor se intensificó, por el cual reportó lo sucedido.",,,,tablero_2025_2026
APUDEX,2026-02-10,APUDEX,INCIDENTE,"Alrededor de las 8:50 am el operario de almacén, al momento de almacenar una paleta de productos terminados, con stoca de una zona a otra zona, al empujar sintió un dolor en la espalda al lado izquierdo, la cual nos informó y se procedió a comunicar a nuestra jefatura y se procedió llamar al central de emergencia para su evaluación",,,,tablero_2025_2026
PREDIO CALLAO,2026-02-11,ALICORP SAA,INCIDENTE,"Aproximadamente a las 10:40 horas, un personal aprendiz sufrió una leve excoriación en el borde del 5to dedo de su mano izquierda. La herida fue por roce con galleta mientras realizaba la actividad de alimentación.",,,,tablero_2025_2026
DETERGENTES LURIN,2026-02-10,INTRADEVCO,INCIDENTE,"Durante el proceso de ordenamiento y revisión de mermas, al estar manipulando una caja de lejía, le salpica un remanente del producto en la pierna derecha.",,,,tablero_2025_2026
DETERGENTES LURIN,2026-02-11,INTRADEVCO,INCIDENTE," Alrededor de la 1 AM, se activo alarma debido a que se  produjo una fuga de producto en el cuarto nivel de procesos en Tornillo de transporte de Sulfato de Sodio durante la transferencia  al edificio. Se procede a ventilar el área y realizar limpieza de la misma.",,,,tablero_2025_2026
PREDIO CALLAO,2026-02-11,ALICORP SAA,INCIDENTE,"Colaboradora que refiere se encontraba en línea 2 realizando alimentación de galletas y al trasladarse a buscar una bandeja se resbala por sus propios pies y se cae, se golpea el brazo izquierdo izquierdo y la región de cadera derecha.",,,,tablero_2025_2026
PREDIO CALLAO,2026-02-13,ALICORP SAA,INCIDENTE,Cuando la colaboradora de la empresa Charlotte se desplazaba desde la cámara de frío hacia la cocina llevando una bandeja con frutas para picado se tropieza con una jaba que se encontraba en el camino sufre una caída que ocasionó un raspón en la rodilla. ,,,,tablero_2025_2026
CD DETERGENTES LURIN,2026-02-12,INTRADEVCO,INCIDENTE,"El día 12/02/2026, aproximadamente a las 09:30 am., en el almacén CD1 [NOMBRE] al momento de la maniobra de almacenamiento del producto terminado el operador de Ransa impactó con el larguero superior provocando asi el desplazamiento de 3 cajas al piso y 3 cajas que quedaron suspendidas en el rack.",,,,tablero_2025_2026
DETERGENTES LURIN,2026-02-13,INTRADEVCO,INCIDENTE,"Al término del proceso de almacenamiento, el operador se percata que había líquido en el piso proviniendo del equipo ETV2245. Cuando se dirige a estacionar el equipo para poder reportar el hallazgo, al tener el piso mojado, las ruedas no respondieron adecuadamente al freno y el operador impacta con una guarda de rack.",,,,tablero_2025_2026
GALLETERA & INSTANTANEOS,2026-02-14,ALICORP SAA,INCIDENTE,"La trabajadora se encontraba alimentando galleta en granel en la mesa de acomodo de Línea 4 y refiere que con el roce de la galleta se produce una ampolla en pulpejo de quinto dedo de mano derecha, con el paso de las horas de manipulación de granel se rompe la ampolla y refiere leve dolor.",,,,tablero_2025_2026
GALLETERA & INSTANTANEOS,2026-02-14,ALICORP SAA,INCIDENTE,"El trabajador traslada un pallet con bandejas que contenían granel de galletas, bajó la rampa ubicada al ingreso de línea 4 envasado y al girar el pallet las bandejas se inclinan y salen de la base del pallet impactando contra un pallet de galleta para reproceso.",,,,tablero_2025_2026
ITDC- LURIN,2026-02-13,INTRADEVCO,INCIDENTE,"Aproximadamente a las 10:00 horas, el operador de apilador electrico ETV estaba extrayendo una paleta desde posiciones altas de los racks en el almacén #5. Al momento de descender el mástil con la paleta suspendida choca con el timón de otro equipo([NOMBRE]) que había sido dejado en el pasillo.",,,,tablero_2025_2026
ATP MCA,2026-02-14,ALICORP SAA,INCIDENTE,"Durante el proceso de carga de subproductos, al subir la manta para entoldar la unidad ya estibada, el operador eleva demasiado el mástil lo cual ocasiona que el respaldo de carga tenga contacto con la viga protectora de la línea de vida, ocasionando se fracture la estructura metálica. Se informa al equipo de soporte y proveedor para las investigaciones del caso. El incidente no reviste ningún daño personal al operador de montacargas; el equipo se envía a estacionamiento de montacargas para su evaluación inmediata que está en proceso.",,,,tablero_2025_2026
SALSAS 1 – COPSA,2026-02-14,ALICORP SAA,INCIDENTE,"Siendo las 10:40 p.m. el trabajador de envasado de salsas 1 se dirige al área de encajado para revisar la totalidad de producción del turno, cuando al caminar por el pasadizo de la zona de encajado, sufre una caída a causa de una bandeja sobresalida.",,,,tablero_2025_2026
PREDIO CALLAO,2026-02-17,ALICORP SAA,INCIDENTE,"Aproximadamente a las 00:05 horas, un operador sufrió un corte leve en el antebrazo derecho mientras realizaba la actividad de alimentación / acomodo de paquetes primarios en la línea 2. La herida fue por contacto con un perno metálico sobresalido de las guías del transportador de paquetes.",,,,tablero_2025_2026
SALSAS 2,2026-02-16,ALICORP SAA,INCIDENTE,"Siendo las 10:30 p.m. el trabajador tercero de Prolabora usa la Stoka para retirar un tablero de cajas de vegetales que se encontraba dentro del elevador, al intentar mover el tablero resbala y cae al piso golpeando parte de su pie derecho con la Stoka.",,,,tablero_2025_2026
LURIN 1,2026-02-17,INTRADEVCO,DANO MATERIAL,"Durante ese intervalo, la bomba continuó operando, generando el bombeo de aire a través de las tuberías hacia el tanque de almacenamiento. Esta acción provocó la formación excesiva de espuma dentro del tanque, ocasionando el rebalse de espuma alrededor del mismo y sobre sus tapas.",,,,tablero_2025_2026
LURIN 2,2026-02-17,INTRADEVCO,DANO MATERIAL,"el día 17/02/2026 a las 10:21 a.m. aproximadamente. Durante el proceso de traslado de materiales con una transpaleta eléctrica, cuatro cilindros de ácido sulfónico cayeron, lo que ocasionó que uno de ellos se abriera y se produjera el derrame del insumo.",,,,tablero_2025_2026
PREDIO CALLAO,2026-02-19,ALICORP SAA,INCIDENTE,"Aproximadamente a las 03:15 horas del jueves 19 de febrero, un operador sufrió una lesión en el dedo medio de la mano derecha mientras realizaba la actividad de carga de galletas en el magazín previo al arranque de línea.",,,,tablero_2025_2026
PREDIO CALLAO,2026-02-16,ALICORP SAA,INCIDENTE,"El lunes 16/02/2026 alrededor de las 17:00 horas, el operario de producción se encontraba realizando el triturado de fideo corto, mientras el colaborador movía el tecle hacia uno de los lados para descargar la bolsa de big bag, el mando del tecle se resbala de su mano e ingresa a la tolva y causa el atoro del triturador.",,,,tablero_2025_2026
ALMACEN DETERGENTES CALLAO,2026-02-19,ALICORP SAA,DANO MATERIAL,"En el patio del almacén de Detergentes se registró una fuga de gas GLP proveniente de un balón instalado en el montacargas de combustión asignado al operador del área de Jabones. El evento fue atendido de manera inmediata por el área de Seguridad, logrando controlar la fuga mediante el aseguramiento de la válvula.",,,,tablero_2025_2026
PLANTA COCHABAMBA,2026-02-20,ALICORP BOLIVIA,INCIDENTE,"Aproximadamente a las 08:58 hrs, la unidad de transporte con placa 4716-HRI, colisionó con la estructura superior de la caseta de vigilancia de Planta (Portería 1), impactando con el lateral derecho del camión en el techo de la misma.",,,,tablero_2025_2026
CD HUACHIPA,2026-02-21,ALICORP SAA,INCIDENTE,"En CD Huachipa, alrededor de las 06:30 am se registró un incidente de alto potencial en el muelle de carga / descarga. El proveedor que realiza labores de estibado para la empresa de transporte Codiso, unidad con placa AWR751, transitó de manera temeraria por la instalación, generando un casi accidente con el operario que maniobraba una transpaleta eléctrica (ERE). El colaborador de Alicorp al visualizar al proveedor caminando apresuradamente, reaccionó de inmediato, logrando esquivarlo. El proveedor también se apartó del equipo en movimiento. ",,,,tablero_2025_2026
GALLETERA & INSTANTANEOS,2026-02-21,ALICORP SAA,INCIDENTE,"El trabajador Operario de Limpieza se encontraba realizando labores de trasvase de detergente líquido M&M2000 desde el envase original (Bidón de 25 Kg) hacia su coche de limpieza, en ese momento le salpica el insumo químico en ambas vistas, inicialmente fue atendido por el Coordinador de Producción quien acompaña al trabajador hasta la estación de lavaojos.",,,,tablero_2025_2026
GALLETERA & INSTANTANEOS,2026-02-21,ALICORP SAA,INCIDENTE,"Siendo las 09:20 a.m. el conductor de la empresa TRANSFLOVAL detiene el camión que conducía, baja del vehículo e ingresa debajo del mismo según refiere que se trabo la caja de cambios del camión.",,,,tablero_2025_2026
GALLETERA & INSTANTANEOS,2026-02-21,ALICORP SAA,INCIDENTE,"[NOMBRE] de Senati realizaba labores de alimentación de granel de galletas hacia los magazines de la envasadora C9, y al momento de subir la torre apilada de granel su tercer dedo entra en contacto con la varilla de acomodo causándole una herida superficial.",,,,tablero_2025_2026
PREDIO CENTRAL,2026-02-20,ALICORP SAA,INCIDENTE,"Siendo aproximadamente las 17:30 la trabajadora maniefiesta que siente dolor muscular en el hombro izquierdo, esto debido al sobre esfuerzo y trabajo repetitivo propio del proceso de estuchado en el area de instantaneos.",,,,tablero_2025_2026
PREDIO CALLO,2026-02-23,ALICORP SAA,INCIDENTE,"Aproximadamente a las 21:25 horas, un operador sufre un corte superficial en el quinto dedo de la mano derecha, mientras realiza la limpieza de la mariposa de la máquina encremadora A2 de L3 durante el cambio de producto. El contacto se produjo con un aspa de dicha mariposa.",,,,tablero_2025_2026
MASTERBREAD NANA,2026-02-23,MASTERBREAD,INCIDENTE,"El operador se encontraba en la planta piloto realizando labores de limpieza en una zaranda vibratoria. Para retirar el agua acumulada, procedió a sopletear aire a una llanta de la zaranda utilizando directamente la manguera de aire, sin hacer uso de la pistola reguladora de presión. Durante esta actividad, la llanta se desprendió de manera repentina y una de sus partes impactó los dedos índice y medio de la mano izquierda del operador.",,,,tablero_2025_2026
MOLINO FAUCETT,2026-02-24,ALICORP SAA,INCIDENTE,"Siendo las 01:50 p.m., el operador se encontraba en el segundo piso del Molino C, realizando su ronda correspondiente al cierre de turno. Durante dicha inspección, se percató de que la tapa de una tubería se encontraba fuera de su posición. Al proceder a colocarla nuevamente, la tubería se sale de su posición, generando un golpe en el brazo derecho del trabajador. ",,,,tablero_2025_2026
MASTERBREAD NANA,2026-02-24,MASTERBREAD,INCIDENTE,"Aproximadamente a las 13:00 horas, el operador de envasado estaba cambiando de lámina, al momento de introducir su mano derecha para regular el sensor de la fotocélula roza con el borde de la estructura metálica de la envasadora el cual le generó un raspón en la parte superficial en dorso de la mano derecha. ",,,,tablero_2025_2026
CD HUACHIPA,2026-02-24,ALICORP SAA,INCIDENTE,"En CD Huachipa, alrededor de las 05:00 pm se registró un incidente de alto potencial en al amacén con ubicación PA-06-076-5. El colaborador, quien realizaba labores de almacenamiento utilizando un apilador eléctrico (ETV), reportó de manera inmediata una molestia ocular tras colocar el pallet en su posición final, manifestando la posible presencia de un agente externo en el ojo.",,,,tablero_2025_2026
MOLINO CALLAO,2026-02-24,ALICORP SAA,INCIDENTE,"Durante labores de limpieza de la tolva en el área de [NOMBRE], el operario, al manipular la aspiradora para realizar la actividad de limpieza respectiva, percibe el paso de corriente eléctrica, motivo por el cual detiene inmediatamente la operación.",,,,tablero_2025_2026
PREDIO CALLAO,2026-02-26,ALICORP SAA,INCIDENTE,"Siendo aproximadamente las 12:50 horas la colaboradora se encontraba acomodando galletas antes de ser empaquetadas por la pack C6, cuando de pronto se percata que el dedo indice de su mano derecha presenta un ligero corte. Al revisar el entorno se evidencia que una plancha de la faja presenta un pequeño borde filoso.",,,,tablero_2025_2026
CD LATAM 400,2026-02-24,ALICORP SAA,INCIDENTE," El día 24/02 a las 00:30, el operador de ETV se encontraba dirigiéndose para un proceso de reposición en el pasillo 18. En este pasillo, un personal de la empresa Cleaned se encontraba trapeando el piso y por omisión, no colocó la señalética correcta. Esto hizo que el ETV pierda adherencia con el piso y tenga un impacto con el protector de los racks. No hubo daños personales y se revisó el equipo en el instante. Actualmente nos encontramos en proceso de investigación.",,,,tablero_2025_2026
PREDIO CALLAO,2026-02-19,ALICORP SAA,INCIDENTE,"Aproximadamente a las 20:25 horas del viernes 27 de febrero, una operadora tercera sufrió un golpe en el quinto dedo de la mano izquierda mientras realizaba la actividad de alimentación de galleta. La lesión ocurrió por contacto con el magazín metálico de máquina envasadora D2.",,,,tablero_2025_2026
SIDSUR,2026-02-27,ALICORP SAA,INCIDENTE,"El colaborador se encontraba realizando labores de abastecimiento de insumos en el ingreso del almacén de materias primas, al momento de cruzar la cortina plástica de la entrada, la stocka impacta la parte baja
del chasis con una parte metálica que no se encontraba a nivel de piso, en ese momento el colaborar siente un tirón en la parte posterior de la espalda, comunicando de lo sucedido a la jefatura inmediata.",,,,tablero_2025_2026
PREDIO CALLAO,2026-02-28,ALICORP SAA,INCIDENTE,"colaboradora refiere que estaba alimentado galleta en la plataforma de línea 2 y bajo a dejar bandejas vacías, al momento de subir a la plataforma de 25 cm aprox, se resbala y golpea su tibia izquierda contra el filo de plataforma. Se trasporta al tópico y se realiza limpieza de parte afectada.",,,,tablero_2025_2026
COPSA,2026-02-28,ALICORP SAA,INCIDENTE,"El día 28/02/26, alrededor de las 9:00 p.m se registró un incidente en el área de Frascos durante el traslado de una paleta con baldes que contenían base vegetal para la preparación de salsas. La carga estaba siendo movilizada con una estoca manual por la rampa cuando, durante la maniobra de ascenso, la paleta perdió estabilidad, ocasionando la caída de varios baldes y el derrame del producto sobre el piso. ",,,,tablero_2025_2026
GALLETERA & INSTANTANEOS,2026-03-05,ALICORP SAA,INCIDENTE,"El trabajador Operario de producción se encontraba saliendo del vestuario de planta Galletera, y al momento de intentar abrir la puerta, sujeta con su mano izquierda uno de los extremos de la barra antipánico y empuja con fuerza causándole un corte en el tercer dedo de la mano izquierda.",,,,tablero_2025_2026
DETERGENTE CALLAO,2026-03-04,ALICORP SAA,ALTO POTENCIAL,"Durante la operación de secado de detergentes, se identificó una fuga leve de GLP aguas abajo del vaporizador (ubicado en el sector exterior de la planta). Al detectar la fuga y flama leve, el personal de mantenimiento que se encontraba en el área hace uso del extintor cercano.",,,True,tablero_2025_2026
MOLINO PAITA,2026-03-05,ALICORP SAA,ALTO POTENCIAL,"Durante el recorrido de uno de los operarios de planta percibió un olor a quemado en el sótano 2 de molino. Cuando se acerca, observa que en la guarda de la faja del molino martillo salía humo, inmediatamente da aviso al coordinador de molino quienes en conjunto utilizan uno de los extintores más cercanos y controlan el conato",,,True,tablero_2025_2026
LURIN 1,2026-03-05,INTRADEVCO,INCIDENTE,"Durante la producción de ácido clorhídrico (HCl), a las 15:03 h del día jueves 05/03, se produjo una combustión en el quemador de la torre de HCl, ubicado en el cuarto nivel. De manera inmediata se activó la parada de emergencia, deteniendo la producción y suspendiendo el ingreso de las materias primas (cloro e hidrógeno). Tras esta acción, la combustión se detuvo por completo",,,,tablero_2025_2026
LURIN 2,2026-03-03,INTRADEVCO,ALTO POTENCIAL,"El 3 de marzo, en el área de [NOMBRE], durante la elaboración del granel Desatorador de Cocina, se realizó el vaciado de solución amoniacal , lo que generó la emisión de vapores de amoniaco (NH₃). Debido a que el sistema de ventilación del área tiene la salida de aire conectada a las rejillas del área de Envasado de las zonas contiguas, los vapores se dispersaron hacia dichas áreas, provocando malestar en cuatro colaboradoras.",,,True,tablero_2025_2026
GALLETERA & INSTANTANEOS,2026-03-06,ALICORP SAA,INCIDENTE,"Aproximadamente a las 11:30 horas, un colaborador que se encontraba en proceso de Inducción en [NOMBRE], presentó episodio de mareo mientras procedía a trasladarse a los SSHH, durante este traslado presentó inestabilidad, perdiendo el equilibrio y descendiendo al suelo, generándose contacto de rodilla izquierda con la estuctura del piso de un escalón.",,,,tablero_2025_2026
DETERGENTES LURIN,2026-03-06,INTRADEVCO,INCIDENTE,"Siendo aproximadamente las 10:00 a.m., la colaboradora [NOMBRE], perteneciente al área de Lavavajillas, se encontraba realizando la actividad de encajado en el área de envasado Lavavajillas en pote. Durante este proceso la colaboradora coloca manualmente la caja en la máquina encintadora, en ese momento se percata que el guante es atrapado entre la caja y los rodillos guiadores, ocasionando ligero aplastamiento en el dedo anular de la mano derecha. ",,,,tablero_2025_2026
SIDSUR,2026-03-07,ALICORP SAA,ALTO POTENCIAL,"Siendo las 11:40 am, en el primer piso de planta de galletería el [NOMBRE], reporta al área de mantenimiento (personal electricista) una parada del equipo del horno N°1, el coordinador apertura las compuertas de la chimenea en la salida del horno para disipar el humo y el olor a quemado en la sala. Alrededor de unos minutos se acerca el personal de mantenimiento para realizar la atención de la falla en ese momento el electrico activa los motores que le dan movimiento a la malla, llegando al punto de salida un tramo de galleta carbonizada, al inyectar el oxigeno del ambiente se genera un amago de incendio, el Coordinador retira al personal que estaba soportando en la salida del horno para hacer uso de extintor PQS mas cercano al punto.",,,True,tablero_2025_2026
LURIN 2,2026-03-09,INTRADEVCO,INCIDENTE,"Siendo aproximadamente  las 04:08 p.m. un colaborador del área de Almacenes, se encontraba realizando el cambio de baterías. Durante este proceso, con la ayuda de un order picker, trasladaba la batería desde la sala de baterías al almacén 01, cuando la estación perdió el equilibrio y cayó lateralmente.",,,,tablero_2025_2026
SIDSUR,2026-03-10,ALICORP SAA,INCIDENTE,"El turno tarde en el puesto de mesa de Inspección en la línea 2; en la faja de salida de la envasadora primaria SIG5 se encontraban 2 operarias de producción realizando el acomodo de Galletas, en el momento del ordenamiento de galletas, la operaria sin percatarse sobrepasa el área de inspección e ingreso la mano a la altura de la zona de los puentes, para levantar unos paquetes de galletas que se encontraba generando trabamiento del flujo continuo, sufriendo una presión del antebrazo izquierdo entre la galleta en movimiento y puente metálico; en ese momento la operaria retira su mano de manera inmediata y procede a reportar el evento.",,,,tablero_2025_2026
GALLETERA & INSTANTANEOS,2026-03-10,ALICORP SAA,INCIDENTE,"Siendo aproximadamente las 01:00 horas, en la zona de aduana, un personal tercero (Prolabora), acude a retirar papel toalla para secarse las manos, y no se percata que habia un tornillo, este al tener contacto con su mano, le genera un pequeño corte.",,,,tablero_2025_2026
LURIN 1,2026-03-09,INTRADEVCO,INCIDENTE,"Durante el despacho de hipoclorito de sodio al 8% en el primer turno del día 09/03, al finalizar la carga, el operador panelista olvidó retirar la tubería de conexión hacia la cisterna. Posteriormente, el vehículo avanzó para realizar el cierre de la tapa, lo que ocasionó la ruptura de la tubería.",,,,tablero_2025_2026
NANA,2026-03-10,MASTERBREAD,ALTO POTENCIAL,"El 10 de marzo, en la Casa de Fuerza, se registró un evento de descarga de amoniaco (NH₃) debido a la activación de la válvula de seguridad. Como consecuencia, el gas amoniaco fue liberado hacia áreas aledañas, lo que generó una alerta inmediata.",,,True,tablero_2025_2026
LURIN 3,2026-03-11,INTRADEVCO,INCIDENTE,"A las 10:00 a. m. del miércoles 11 de marzo, durante el arranque de planta, se observó presencia de humo en el tercer lecho del convertidor de SO₂ a SO₃ de la planta de sulfonación 2. El humo provenía de un trapo que quedó en la zona luego de un trabajo de soldadura realizado en ese punto.",,,,tablero_2025_2026
GALLETERA & INSTANTANEOS,2026-03-12,ALICORP SAA,INCIDENTE,"Siendo aproximadamente las 03:00 horas, en la linea 2 una aprendiz que realizaba la alimentacion de galleta de casino menta, golpea su rodilla con un fierro que forma parte de la estructura de la nueva linea 2, el golpe fue leve pero genero un dolor que causo malestar en la persona involucrada.",,,,tablero_2025_2026
CD LATAM 400,1900-03-11,ALICORP,INCIDENTE,"Durante la operación con un order picker, el colaborador se ubica al lado izquierdo del equipo, quedando fuera de la posición central establecida como segura. Al realizar la maniobra de giro para ingresar al pasillo 5, el trabajador intenta descender
colocando el pie izquierdo en el suelo. Sin embargo, manifiesta que “sin querer, con el brazo derecho presiona el acelerador”, lo que provoca que el equipo continue desplazándose en el sentido del giro. Como consecuencia, el pie izquierdo queda aprisionado entre la carcasa de la transpaleta y el suelo, generándose un atrapamiento en la zona del empeine.",,,,tablero_2025_2026
GALLETERA & INSTANTANEOS,2026-03-12,ALICORP SAA,INCIDENTE,"El día 12 de marzo durante los trabajos de instalación del segundo vaporizador para el abastecimiento de GLP a [NOMBRE], ejecutados por la empresa BEGAS INGENIEROS SAC (contratista de SOLGAS), se produjo un evento de ignición durante una maniobra de venteo de remanente de GLP en tuberías, lo que generó una irritación en la cara del operador que realizaba el venteo.",,,,tablero_2025_2026
GALLETERA & INSTANTANEOS,2026-03-11,ALICORP SAA,INCIDENTE,"A las 14:50, el operador de abastecimiento de botellas para esencia de vainilla (Instantáneos) sufrió un raspón superficial en el brazo izquierdo. El evento fue reportado al día siguiente por premura al cierre de turno. Según protocolo, el operador fue atendido en tópico, sin presentar restricciones ni descanso médico. Como acción inmediata, se limaron las asperezas de la superficie rugosa identificada. Sin mayores consecuencias.",,,,tablero_2025_2026
COPSA,2026-03-13,ALICORP SAA,INCIDENTE,"Durante la actividad de reposición de nitrógeno líquido (LN₂) al tanque pulmón, a una temperatura aproximada de -196 °C, realizada por el proveedor Linde, el operador encargado del abastecimiento detectó la presencia de una fisura en la superficie del tanque. A través de dicha fisura se evidenciaba una fuga de nitrógeno. Tras la identificación de la anomalía, se emitió la alerta.",,,,tablero_2025_2026
GALLETERA & INSTANTANEOS,2026-03-14,ALICORP SAA,INCIDENTE,"Aproximadamente a las 21:50 horas, una aprendiz sufrió una presión en el tercer dedo de la mano izquierda al intentar sentarse. Durante la maniobra, su dedo quedó atrapado momentáneamente entre la estructura metálica y el asiento, lo que generó presión sobre el dedo afectado.",,,,tablero_2025_2026
PLANTA FIDEERIA,2026-03-15,ALICORP SAA,INCIDENTE,"El colaborador se encontraba realizando verificación de los equipos de inyección de aire ubicados en la azotea. Al momento de bajar por la escalera para regresar a planta, pisa una zona en desnivel, generando una torcedura del tobillo derecho.",,,,tablero_2025_2026
COPSA,2026-03-14,ALICORP SAA,INCIDENTE,"Camión cisterna de soda caustica con placa AUQ-906 realiza maniobras en el espacio correspondiente para la descarga del químico a sus tanques de almacenamiento, al momento de realizar la maniobra el camion se posiciona cerca de las tuberías principales de petróleo, en ese momento la llanta delantera golpea la tubería de alimentación a las bombas de combustible de las acalderas ocasionando un desgarro de los hilos del acoplamiento universal y una fuga de petróleo en dicha tubería, esto ocasiona que la caldera pare su operación por baja presión.",,,,tablero_2025_2026
CD AREQUIPA,2026-03-14,ALICORP SAA,INCIDENTE,"El día lunes a las 14.02 a las 23:50 pm, el conductor de la empresa TRANSPORTES NAJEDI, V6O811 se encontraba traslandandola producción de planta galletera hacia el CD Arequipa. Al momento de estacionarse, rozó su parachoques delantero con una ruma de pallets vacíos, lo que finalmente decantó en una rajadura del mismo. ",,,,tablero_2025_2026
PLANTA FIDEERIA,2026-03-15,ALICORP SAA,INCIDENTE,"El colaborador se encontraba realizando verificación de los equipos de inyección de aire ubicados en la azotea. Al momento de bajar por la escalera para regresar a planta, pisa una zona en desnivel, generando una torcedura del tobillo derecho.",,,,tablero_2025_2026
GALLETERA & INSTANTANEOS,2026-03-15,ALICORP SAA,INCIDENTE,"Siendo aproximadamente las 04:00 horas, en la linea 4 un personal tercero que realizaba la alimentacion de galleta margarita, golpea su dedo de la mano con la estructura metalica del Magazzine, este golpe provoco un dolor intenso en el dedo pulgar derecho.",,,,tablero_2025_2026
DETERGENTE CALLAO,2026-03-15,ALICORP SAA,INCIDENTE,"El colaborador se encontraba realizando actividades de estiba en línea manual cuando su compañero usando una transpaleta eléctricamente asistida retira las paletas terminadas. Durante la actividad, se realiza una mala maniobra en el retiro de la paleta generando que esta se desplace en sentido opuesto e impacte en la parte inferior de la pierna del colaborador.",,,,tablero_2025_2026
GALLETERA & INSTANTANEOS,2026-03-17,ALICORP SAA,INCIDENTE,"Durante su primer día de labores y en proceso de aprendizaje, una colaboradora nueva presentó una molestia en los dedos índice de ambas manos mientras realizaba la función de alimentación de galletas en la línea de producción. El incidente ocurrió al momento de tomar y colocar las galletas en el punto correspondiente, generándose un roce repetitivo de los dedos con una varilla o estructura metálica del equipo, lo que ocasionó fricción directa en la zona de contacto.",,,,tablero_2025_2026
MOLINO FAUCETT,2026-03-16,ALICORP SAA,INCIDENTE,"El colaborador se encontraba en la oficina del coordinador de envasado realizando vía SAP los requerimiento del dia para el almacén, culminada esta actividad refiere que se dirigía a su zona de trabajo ubicado en el 1er piso del edificio, es ahí donde al bajar el primer tramo de escaleras resbala en uno de los peldaños y evita caerse al sostenerse de la baranda, es ahí donde al apoyar el pie izquierdo siente un dolor fuerte y al querer continuar bajando las escaleras se intensifica mas el dolor. ",,,,tablero_2025_2026
DETERGENTES LURIN,2026-03-13,INTRADEVCO,INCIDENTE,"Aproximadamente a las 03:30 h, un colaborador del área de mantenimiento realizaba la intervención de una bomba de soda cáustica debido a una falla. Durante la actividad, sufrió una salpicadura de producto que se filtró por la parte superior del calzado de seguridad, teniendo contacto con el dorso de su pie izquierdo.",,,,tablero_2025_2026
GALLETERA & INSTANTANEOS,2026-03-18,ALICORP SAA,INCIDENTE,"El colaborador refiere que se encontraba realizando labores de limpieza en la Línea 2 de la [NOMBRE], cuando de manera involuntaria se golpea la región lumbar (espalda baja) contra una estructura metálica / tablero del área.",,,,tablero_2025_2026
GALLETERA & INSTANTANEOS,2026-03-18,ALICORP SAA,INCIDENTE,"Aproximadamente a las 10:25 horas, una aprendiz reportó que la ampolla que presentaba en el dedo meñique de la mano izquierda se había reventado, ella llevaba puesto guantes. La aprendiz manifestó que desde hace 3 días venía presentando molestias debido al roce repetitivo con la superficie metálica mientras realizaba la actividad de alimentación de galleta.",,,,tablero_2025_2026
GALLETERA & INSTANTANEOS,2026-03-18,ALICORP SAA,INCIDENTE,"Aproximadamente a las 10:00 horas del miércoles 18 de marzo, una aprendiz reportó dolor en el pulgar y dorso de la mano izquierda. La colaboradora indicó que la molestia se presentó durante la ejecución de las actividades de alimentación de galletas en la línea 3.",,,,tablero_2025_2026
GALLETERA & INSTANTANEOS,2026-03-18,ALICORP SAA,INCIDENTE,"Siendo aproximadamente las 19:00 horas, en la linea 2 un colaborador presenta un dolor localizado en la region de la muñeca izquierda de intensidad leve, se evidencia hematoma en el area afectada, sin embargo el trabajador refiere no haber recibido ningun golpe al momento de sus operaciones.",,,,tablero_2025_2026
GALLETERA & INSTANTANEOS,2026-03-18,ALICORP SAA,INCIDENTE,"Siendo aproximadamente las 20:00 horas, en la linea de banado un colaborador presenta dolor en ambos miembros superiores, el cual limita a los movimientos de flexion, extension y elevacion, esto debido al levantamiento de bandejas y manipulacion de productos, propia de la operacion.",,,,tablero_2025_2026
CD LURIN 1,2026-03-17,INTRADEVCO,INCIDENTE,"Aproximadamente a las 14:25 hrs,el conductor [NOMBRE] de la unidad de transporte con placa 2306-PCS, tras recibir su documentación, intentó retirarse sin esperar la colocación de precintos, desobedeciendo las instrucciones del personal. Durante la intervención para redirigir la unidad, el conductor realizó una maniobra inadecuada y colisionó contra la barrera de seguridad y el CAR, provocando el desplazamiento de la estructura, la cual protege infraestructura crítica del sistema contra incendios.",,,,tablero_2025_2026
SALSAS 1 – COPSA,2026-03-19,ALICORP SAA,INCIDENTE,"El colaborador se encontraba realizando traslado de bobinas de aproximadamente 50-90 kgs, y siente un tirón en la espalda baja, siguió realizando la actividad y al mover la segunda bobina comenzó con dolor y contractura en región lumbar. El colaborador fue atendido en el tópico donde se le diagnostico [NOMBRE].",,,,tablero_2025_2026
CD DETERGENTE LURIN,2026-03-21,ALICORP SAA,INCIDENTE,"Durante la maniobra de descarga de PT en el patio de maniobras de CD2 se evidenció la caída de algunas cajas desde la parte superior de la carga, generando derrame de producto y salpicadura en el colaborador que realizaba la operación, a la altura de la cintura hacia abajo",,,,tablero_2025_2026
CD DETERGENTE LURIN,2026-03-20,ALICORP SAA,DANO MATERIAL,"Durante la operación de abastecimiento de insumos a Planta, en la maniobra de retroceso de un montacargas, se genera el impacto del equipo contra la infraestructura, ocasionando daños en la pared del área.",,,,tablero_2025_2026
SIDSUR,2026-03-21,ALICORP SAA,INCIDENTE,"El turno tarde en el puesto encajonado Línea 2 en la producción de [NOMBRE] en la encintadora de la presentación [NOMBRE] x10 packs, se tuvo un atracón en la encintadora la cuál sedio unos centimetros, desplazando el caballete cercano
al puesto de encajado, colisionando la estructura metálica con la rodilla de la persona en el puesto.",,,,tablero_2025_2026
GALLETERA & INSTANTANEOS,2026-03-20,ALICORP SAA,INCIDENTE,"Aproximadamente a las 14:45 horas, un operador reportó una herida en el dedo anular de la mano izquierda mientras manipulaba cajas en la zona de encajado manual de Torre 4. Al momento del incidente, el colaborador no utilizaba sus guantes de protección.",,,,tablero_2025_2026
CD LURIN 1,2026-03-19,ALICORP SAA,INCIDENTE,"El conductor [NOMBRE] (Lic. 7955369), de la unidad con placa 5350USD del proveedor de transporte COCAPATA, realizó una maniobra no autorizada dentro del patio, posicionándose por iniciativa propia en una rampa sin contar con la guía ni indicación del personal responsable, y sin verificar previamente las condiciones de seguridad como la altura de la infraestructura; esta acción insegura derivó en el impacto de la unidad contra la estructura del techo del estacionamiento, generando daños materiales y comprometiendo la seguridad del área.",,,,tablero_2025_2026
GALLETERA & INSTANTANEOS,2026-03-21,ALICORP SAA,INCIDENTE,"Aproximadamente a las 12:50 horas, un operador sufrió un corte superficial en el cuarto dedo de la mano derecha mientras realizaba la alimentación de galleta en la Torre 2.",,,,tablero_2025_2026
PLANTA COCHABAMBA,2026-03-17,ALICORP BOLIVIA,INCIDENTE,"En fecha martes 17 de marzo de 2026, a horas 04:00 a.m., se registró lluvia intensa en la ciudad de Cochabamba, con una precipitación pluvial de 135 mm (135 L/m²), provocando inundaciones en diferentes sectores de la ciudad. Este evento también afectó a [NOMBRE], registrándose además de la lluvia un corte de energía eléctrica de origen externo, lo cual ocasionó la parada de los procesos de la operación.",,,,tablero_2025_2026
ATP MOLINO CALLAO,2026-03-23,ALICORP SAA,INCIDENTE," Aproximadamente a las 14.22 p.m, el colaborador de [NOMBRE] con 1 año 09 Meses laborando y 5 años de experiencia como técnico vertical; se encontraba realizando labores de limpieza (barrido) en la cubierta del almacén C, cuando  se bloqueó el sistema anticaída (ASAP) del trabajador. Al detenerse para desbloquear el sistema, permaneció próximo a la zona de trabajo de su compañero, produciéndose el impacto del extremo del mango de la escoba contra su ceja derecha.",,,,tablero_2025_2026
NANA,2026-03-21,MASTERBREAD,INCIDENTE,"Aproximadamente a las 04:00 horas, la operaria de empacado (Manpower) estaba en el llenado de caja manual y al colocar las bolsas a la caja su mano roza con la caja, y se genera un pequeño golpe al borde las uñas.",,,,tablero_2025_2026
ALMACEN DETERGENTES CALLAO,2026-03-25,ALICORP SAA,DANO MATERIAL,"Aproximadamente a las 12:30 p. m., el operador de montacargas del almacén se encontraba realizando el despacho de paletas a planta cuando, durante una maniobra inadecuada, las uñas del equipo impactaron contra la esquina de la base del almacén, ocasionando daños en la infraestructura",,,,tablero_2025_2026
MOLINO CALLAO,2026-03-24,ALICORP SAA,INCIDENTE,"Aproximadamente a las 04:30 pm, el técnico se encontraba retirando un rollo del caballete de transito, en el segundo nivel, en la maniobra observa que el rollo se balancea y coloca la mano derecha para sujetar el rollo, en ese instante su dedo meñique es presionado entre la estructura del caballete y el rollo.",,,,tablero_2025_2026
GALLETERA & INSTANTANEOS,2026-03-25,ALICORP SAA,INCIDENTE,"Siendo aproximadamente las 09:00 horas, en la linea 2 un colaborador se econtraba realizando cambio de formato de producto, y al momento de bajar, pisa una banca que sirve de soporte para subir la plataforma principal, pues este al no estar fija se ha movido con la fuerza de la presion del pie, esto provoca una caida a desnivel ocasionando un golpe en la pierna y brazo.",,,,tablero_2025_2026
DETERGENTE LURIN,2026-03-26,INTRADEVCO,INCIDENTE,"El colaborador afectado se encontraba operando un transpaleta eléctrico cuando el equipo se detuvo repentinamente, provocando que su cuerpo se desplace hacia adelante, y se golpee el dedo meñique izquierdo contra el timón del equipo.",,,,tablero_2025_2026
DETERGENTE LURIN,2026-03-27,INTRADEVCO,INCIDENTE,"El colaborador afectado se encontraba realizando labores de apilamiento de producto en paletas, ubicado entre dos de ellas. En ese momento, el operador del transpaleta introdujo las uñas del equipo en la paleta situada detrás del colaborador; estas se trabaron a mitad del ingreso, generando un desplazamiento inesperado que impactó su pie y le ocasionó molestias en la zona afectada.",,,,tablero_2025_2026
GALLETERA & INSTANTANEOS,2026-03-29,ALICORP SAA,INCIDENTE,"Siendo la 01:30 a.m. el Aprendiz de Senati se encontraba realizando labores de alimentación de granel Casino desde la mesa de acomodo de línea 2 hacia los magazines de la envasadora Torre L2B, y de pronto se percata que hay una aglomeración de granel entre las guías de acomodo y procede a realizar el desatoro de manera manual con su mano derecha, durante esta acción su tercer dedo fricciona contra un componente metálico (perno y tuerca) causándole una leve herida.",,,,tablero_2025_2026
GALLETERA & INSTANTANEOS,2026-03-30,ALICORP SAA,INCIDENTE,"Aproximadamente a las 18:00 horas, el aprendiz CAPE se encontraba realizando labores de alimentación en la Línea 1. Durante el cambio de puesto, decidió asistir a una compañera para ayudarla a subir a la plataforma de trabajo. En ese momento, al apresurarse en jalar la plataforma, esta se desplazó de manera brusca, ocasionando un golpe entre la plataforma y la estructura fija.",,,,tablero_2025_2026
DETERGENTES LURIN,2026-03-29,INTRADEVCO,ALTO POTENCIAL,"Alrededor de las 11:00 a. m. del 29/03, durante la operación de batido de detergente, se registró el rebalse de slurry desde el tanque autolimpiante, ocasionando derrame sobre la estructura y el piso. ",,,True,tablero_2025_2026
LURIN 2,2026-03-26,INTRADEVCO,INCIDENTE,"El 26 de marzo, en la [NOMBRE] de Intradevco, el colaborador técnico mecánico de mantenimiento sufrió la exposición de polvo en el ojo izquierdo mientras realizaba desmontaje de maquinaria sin usar lentes de protección. No presentó síntomas inmediatos y continuó trabajando sin reportar el incidente.",,,,tablero_2025_2026
DETERGENTE LURIN,2026-03-27,INTRADEVCO,INCIDENTE,"El colaborador afectado se encontraba realizando labores de apilamiento de producto en paletas, ubicado entre dos de ellas. En ese momento, el operador del transpaleta introdujo las uñas del equipo en la paleta situada detrás del colaborador; estas se trabaron a mitad del ingreso, generando un desplazamiento inesperado que impactó su pie y le ocasionó molestias en la zona afectada.",,,,tablero_2025_2026
GALLETERA & INSTANTANEOS,2026-03-29,ALICORP SAA,INCIDENTE,"Siendo la 01:30 a.m. el Aprendiz de Senati se encontraba realizando labores de alimentación de granel Casino desde la mesa de acomodo de línea 2 hacia los magazines de la envasadora Torre L2B, y de pronto se percata que hay una aglomeración de granel entre las guías de acomodo y procede a realizar el desatoro de manera manual con su mano derecha, durante esta acción su tercer dedo fricciona contra un componente metálico (perno y tuerca) causándole una leve herida.",,,,tablero_2025_2026
DETERGENTE LURIN,2026-03-29,INTRADEVCO,INCIDENTE,"Alrededor de las 11:00 a. m. del 29/03, durante la operación de batido de detergente, se registró el rebalse de slurry desde el tanque autolimpiante, ocasionando derrame sobre la estructura y el piso. ",,,,tablero_2025_2026
DETERGENTE LURIN,2026-03-26,INTRADEVCO,INCIDENTE,"El colaborador afectado se encontraba operando un transpaleta eléctrico cuando el equipo se detuvo repentinamente, provocando que su cuerpo se desplace hacia adelante, y se golpee el dedo meñique izquierdo contra el timón del equipo.",,,,tablero_2025_2026
LURIN 2,2026-03-30,INTRADEVCO,INCIDENTE,"El 26 de marzo, en la [NOMBRE] de Intradevco, el colaborador técnico mecánico de mantenimiento sufrió la exposición de polvo en el ojo izquierdo mientras realizaba desmontaje de maquinaria sin usar lentes de protección. No presentó síntomas inmediatos y continuó trabajando sin reportar el incidente.",,,,tablero_2025_2026
GALLETERA & INSTANTANEOS,2026-04-01,ALICORP SAA,INCIDENTE,"Aproximadamente a las 10:15 am, el operario de producción se encontraba realizando labores de sellado de bolsas en la línea de puré y almidones. Durante la operación, sintió calor y observó que el ventilador no estaba direccionado hacia su posición de trabajo, por lo que decidió mover el ventilador con la mano, lo que generó un contacto con las hélices y su dedo ocasionando un leve corte en el pulgar. ",,,,tablero_2025_2026
GALLETERA & INSTANTANEOS,2026-04-01,ALICORP SAA,INCIDENTE,"Siendo aproximadamente las 05:15 horas, un colaborador tercero se encontraba trasladando bandejas con producto granel de galleta Glacita, esto  mediante el uso de una carretilla hidráulica; y al momento de pasar por la rampa de ingreso de la linea 4, pierde el control, lo que ocasionó la pérdida de equilibrio y el deslizamiento de las bandejas al piso.",,,,tablero_2025_2026
COCHABAMA,2026-04-02,ALICORP BOLIVIA,DANO MATERIAL,"El día de hoy, 02 de abril de 2026, aproximadamente a las 10:30 horas, mientras un camión de la empresa COTRAINCO se encontraba en proceso de ingresar a la posición 3 para su carguío de exportación, el mismo siendo guiado por el personal de estibaje. El chofer no se percata que su parachoque de la parte de atrás (punto ciego) se engancha en la baranda lado baños, provocando el desprendimiento y daños materiales en dicha estructura.",,,,tablero_2025_2026
GALLETERA & INSTANTANEOS,2026-04-02,ALICORP SAA,INCIDENTE,"Siendo las 12:50 p.m. el trabajador Operador de Moldeado el trabajador con ayuda de una plataforma móvil sube a la mesa de la estación de moldeado para realizar labores de limpieza de estructura de cilindros laminadores, culminada la actividad el trabajador baja y posiciona su pie derecho sobre un balde con agua que su compañero había dejado luego de retirar la plataforma móvil, causándole una caída a nivel.",,,,tablero_2025_2026
GALLETERA & INSTANTANEOS,2026-04-04,ALICORP SAA,INCIDENTE,"Siendo las 10:30 a.m. la trabajadora Operario de Producción de la empresa [NOMBRE] SAC se encontraba realizando labores de alimentación de granel hacia los magazines en la mesa de acomodo de Línea 4 envasado, y al momento de apilar la galleta de manera manual aproxima su cabeza contra el magazine causándole un corte superficial en el parpado superior de la vista derecha. ",,,,tablero_2025_2026
NANA,2026-04-04,MASTERBREAD,DANO MATERIAL,"Siendo las 21:10 horas, el auxiliar de almacén se retiraba del área operando el transpaleta eléctrico en retroceso, al realizar la maniobra no se percata que en el piso había residuos de polvillo, el cual género que la rueda se deslice de manera rápida y parte del equipo impacte con la puerta de sala de comprensores. Cabe resaltar que el colaborador no tuvo ningún impacto y procedió a comunicar al lider de turno del evento ocurrido.",,,,tablero_2025_2026
CD HUACHIPA,2026-04-04,ALICORP SAA,DANO MATERIAL,"Aproximadamente a la 01:00 a. m., el colaborador [NOMBRE] (ETV) se encontraba realizando labores de almacenamiento en dicha área. Al momento de ingresar, un order picker accede primero a la zona, y el colaborador procede a seguirlo manteniendo distancia; tras el paso del equipo, el colaborador no se da cuenta que la puerta se encontraba en proceso de cierre automático, impactando con la misma.",,,,tablero_2025_2026
MOLINO CALLAO,2026-04-06,ALICORP SAA,INCIDENTE,"Siendo las 08:15 horas, operador del área de producción se encontraba en los SSHH de los vestuarios, reportó olor a lejía lo cual le ocasionó irritación en los ojos, nariz y garganta. El personal de CLEANED realizaba limpieza en ese momento.",,,,tablero_2025_2026
GALLETERA & INSTANTANEOS,2026-04-07,ALICORP SAA,INCIDENTE,"Siendo las 12:00 p.m. la trabajadora se encontraba realizando labores de bandejeo de granel desde la mesa de acomodo de línea 1, y cuando traslada la torre apilada de galletas hacia la bandeja, su antebrazo izquierdo tiene contacto con el vástago inferior del perno causándole excoriación (El perno este situado en uno de los extremos del puente situado frente a la envasadora C5).",,,,tablero_2025_2026
CD AREQUIPA,2026-04-08,ALICORP SAA,INCIDENTE,"El día miércoles 08 de abril de 2026, durante las operaciones de traslado interno dentro del CD Arequipa, el conductor perteneciente al proveedor [NOMBRE] incurrió en una acción no permitida al subirse a la unidad con el fin de asegurar la carga. Esta práctica contraviene los procedimientos de seguridad establecidos para este tipo de actividades.",,,,tablero_2025_2026
SIDSUR,2026-04-11,ALICORP SAA,INCIDENTE,"Alrededor de las 2:50 p. m., el ayudante de planta se aproxima al cuarto piso y accede a la parte superior de la tolva de afrecho con el fin de verificar un trabajo realizado días previos. Al momento de iniciar el descenso por la escalera, esta se desliza debido a la falta de sujeción, por lo que el trabajador se sostiene apoyando sus brazos en la tolva para evitar una caída. En ese instante, realiza un llamado a su compañero técnico electricista, quien se encontraba en el tercer piso. Su compañero al escucharlo acude en su ayuda, asegurando la escalera para que el trabajador pueda descender de manera segura",,,,tablero_2025_2026
NANA,2026-04-12,MASTERBREAD,ALTO POTENCIAL,"El día 12 de abril, aproximadamente a las 11:30 a.m., un operario de limpieza se encontraba realizando labores de limpieza en el horno directo, específicamente en la zona de la cinta transportadora. Durante el desarrollo de la actividad, la cinta de transporte se puso en funcionamiento de manera no prevista, en un momento en que aún se encontraba personal de limpieza en el interior del equipo. Ante esta situación, el trabajador actuó de manera oportuna y se desplazó rápidamente hacia una zona segura dentro del horno. A los pocos segundos del encendido de la faja, se logró alertar a personal externo, quienes procedieron a detener la faja de transporte.",,,True,tablero_2025_2026
GALLETERA & INSTANTANEOS,2026-04-13,ALICORP SAA,INCIDENTE,"Siendo las 5:15 am, la colaboradora de la empresa Prolabora menciona que se dispone a barrer con prisa y golpea el brazo izquierdo contra la baranda provocándole dolor, informa a su supervisor y es traslada al tópico donde recibe atención, posterior retorna a sus actividades sin inconvenientes",,,,tablero_2025_2026
COCHABAMA,2026-04-13,ALICORP BOLIVIA,ALTO POTENCIAL,"En fecha 13/04/2026, aproximadamente a las 12:10 p.m., durante la ejecución de labores de encarpado en la carrocería de un camión, un operador sufrió una caída desde la parte superior del vehículo. No obstante, el uso adecuado de la línea de vida y el arnés evitó una caída directa al suelo, mitigando la gravedad del incidente. Inmediatamente, el supervisor trasladó al trabajador a la posta médica para su evaluación. ",,,False,tablero_2025_2026
MOLINO CALLAO,2026-04-13,ALICORP SAA,INCIDENTE,"El ayudante de planta se encontraba realizando labores de limpieza en el primer piso del área de embolsado. Durante la actividad, se produjo el rebose de la rosca de subproducto, generando la liberación de polvo que alcanzó sus ojos. Como consecuencia, presentó irritación en el ojo izquierdo por exposición a material particulado. De inmediato se procedió a activar el protocolo de atención con la central de emergencia, solicitando la presencia de la ambulancia para evaluar al colaborador, determinando su evacuación al tópico del predio central",,,,tablero_2025_2026
GALLETERA & INSTANTANEOS,2026-04-15,ALICORP SAA,INCIDENTE,"Aproximadamente a las 16:45 horas, una aprendiz sufrió un corte leve en el dedo índice izquierdo mientras intentaba desatorar galletas en el transportador vertical (magazín). No hubo equipos en marcha",,,,tablero_2025_2026
GALLETERA & INSTANTANEOS,2026-04-16,ALICORP SAA,INCIDENTE,"Aproximadamente a las 01:00 horas, un operador de producción sufrió un golpe leve en el dedo meñique de la mano derecha mientras alimentaba paquetes de galletas desde las bandejas hacia faja de pack",,,,tablero_2025_2026
ATP DETERGENTES,2026-04-16,ALICORP SAA,DANO MATERIAL,"Aproximadamente a las 17:00 horas, el operador de montacargas del almacén de Detergentes se encontraba realizando labores de re paletizado del stock de Detergentes situado en el APT de Panetones. Durante la ejecución de la maniobra, se produjo un impacto de la paleta contra la esquina de la pared del almacén, ocasionando daños en la infraestructura.",,,,tablero_2025_2026
GALLETERA & INSTANTANEOS,2026-04-16,ALICORP SAA,INCIDENTE,"Aproximadamente a las 15:00 horas del 16-abril, al final de su turno el operador de producción se percató que tenía una herida una herida en el tercer dedo de la mano izquierda, la cual asocia a la manipulación de cajas durante sus labores. Esto fue reportado al Ing. De turno al siguiente día 17-abril.",,,,tablero_2025_2026
NANA,2026-04-17,MASTERBREAD,INCIDENTE,"Aproximadamente a las 04:00 am, el operador de empacado se encontraba manipulando una parihuela para trasladar al área de paletizado. Al bajar la parihuela, parte de ésta se desprende y cae al piso, golpeando parte de su muñeca derecha. La trabajadora no presentó ningún malestar y continuó con sus actividades hasta finalizar su turno. Al día siguiente al realizar movimientos repetitivos sintió que el brazo se empezaba a hinchar y presentaba indicios del golpe, por ende, solicitó retirarse y se procedió con la derivación al área de salud ocupacional Manpower para su atención.",,,,tablero_2025_2026
ATP COCHABAMBA,2026-04-18,ALICORP BOLIVIA,DANO MATERIAL,"El día 18 de abril de 2026, aproximadamente a las 13:10 horas, en el Almacén E de producto terminado, durante el retiro de producto lavandina de los racks, el stretch film que se utiliza para asegurar la carga se engancha en el rack generando la caída de 13 cajas de producto al piso reventando y manchando el área circundante. ",,,,tablero_2025_2026
GALLETERA & INSTANTANEOS,2026-04-19,ALICORP SAA,INCIDENTE,"Aproximadamente a las 15:50 horas, una operadora en entrenamiento sufrió un corte en la uña del dedo pulgar de la mano izquierda al hacer contacto con el borde de una guía metálica (dedo de arrastre) del transportador de paquetes primarios hacia la máquina pack de bañados.",,,,tablero_2025_2026
GALLETERA & INSTANTANEOS,2026-04-21,ALICORP SAA,INCIDENTE,"Siendo las 02:30 a.m. la Aprendiz de Senati se encontraba alimentado granel de [NOMBRE] hacia los magazines de la envasadora C3, mientras realizaba la actividad se suscita un atoro y procede a pulsar la botonera de emergencia, levanta la guarda de seguridad y desatora el granel; y al momento de cerrar la guarda, impacta con su cuarto dedo de la mano izquierda generándole una herida superficial.",,,,tablero_2025_2026
CD LURIN,2026-04-22,INTRADEVCO,INCIDENTE,"El 22 de abril de 2026, el personal del proveedor traslada la paleta de madera sin ayuda de un compañero exponiéndose a lesiones musco-esqueléticas por la mala manipulación. Se detiene la actividad y se le brinda el feedback. El caso se encuentro en proceso de investigación para la determinación de las causas y definición de acciones correspondientes.",,,,tablero_2025_2026
LURIN 4,2026-04-22,INTRADEVCO,INCIDENTE,"El 22/04 a las 16:00, en el área de envasado pulidor, durante la descarga de producto, se produjo un derrame (5 Kg), debido a una condición de la tapa del mezclador. El evento fue detectado de inmediato, procediéndose al cierre de la válvula y a la evacuación del personal cercano al área. No se registraron daños personales ni materiales.",,,,tablero_2025_2026
CD HUACHIPA,2026-04-24,ALICORP SAA,DANO MATERIAL,"Se reporta un incidente en CD Huachipa al promediar las 5:30 am con una unidad - placa D8G 703 de la empresa [NOMBRE]. Se ha producido una sulfatación del borne de la batería,  lo cual generó que la unidad  no pueda arrancar. Se procedió a revisar lo sucedido in situ, detener toda actividad, revisar que no se tengan riesgos por cortocircuito, colocar conos y tacos de seguridad alrededor de la unidad hasta que un técnico especialista pueda solucionar la falla reportada. ",,,,tablero_2025_2026
GALLETERA & INSTANTANEOS,2026-04-24,ALICORP SAA,INCIDENTE,"Siendo aproximadamente las 15:15 horas, en la linea de Instantaneo refrescos una colaboradora se encontraba colocando sobres en los estuches (chicha morada), en eso un companero pasa con una escalera cerca de un ventilador esto provoca que parte del polvo que estaba acumulado en la escalera sea movido con la fuerza del viento y sea expuesto en el airea, haciendo que una parte de ello le caiga en el ojo de la colaborada.",,,,tablero_2025_2026
MOLINO CALLAO,2026-04-25,ALICORP SAA,INCIDENTE,"El día 25/04 a las 23:40 horas aproximadamente, los colaboradores de turno tarde se encontraban a bordo de la movilidad que los traslada del MCA al [NOMBRE] a cargo de la empresa INNOVACION Y OPERACIONES LOGISTICAS S.A. de placa AXI – 036.
La movilidad se encontraba en la Av. Argentina con Av. Faucett a punto de detenerse, sin embargo, aún en movimiento realiza un freno en seco, por la parada imprevista del auto que se encontraba delante de ella; Los colaboradores fueron sacudidos bruscamente al producirse esta frenada repentina.",,,,tablero_2025_2026
GALLETERA & INSTANTANEOS,2026-04-26,ALICORP SAA,INCIDENTE,"Aproximadamente a las 21:20 horas un operario sufre un resbalón en una superficie lisa de línea 2, mientras cargaba una bandeja con galleta granel. El operador colocó su mano izquierda en el piso para no caer por completo. ",,,,tablero_2025_2026
GALLETERA & INSTANTANEOS,2026-04-30,ALICORP SAA,INCIDENTE,"Siendo aproximadamente las 22:50 horas, un colaborador se encontraba alimentando galleta casino en la Linea 2 y al momento de girar para apilar las bandejas se resbala por sus propios pies y cae golpeandose con el filo de la plataforma en la espalda.",,,,tablero_2025_2026
CD HUACHIPA,2026-05-04,ALICORP SAA,DANO MATERIAL,"Aproximadamente a la 01:00 a. m., el colaborador [NOMBRE] (ETV) se encontraba realizando labores de almacenamiento en dicha área. Al momento de ingresar, un order picker accede primero a la zona, y el colaborador procede a seguirlo manteniendo distancia; tras el paso del equipo, el colaborador no se da cuenta que la puerta se encontraba en proceso de cierre automático, impactando con la misma.",,,,tablero_2025_2026
GALLETERA & INSTANTANEOS,2026-05-05,ALICORP SAA,INCIDENTE,"Siendo aproximadamente las 12:40 pm, el colaborador se encontraba realizando la apertura de bolsas de insumos para la preparación de mezclas de instantáneos. Al momento de realizar el corte del cintillo plástico con la cuchilla, coloca el dedo en una posición cercana al punto de contacto, generándole un pequeño corte en el dedo índice de la mano izquierda.",,,,tablero_2025_2026
CD HUACHIPA,2026-05-06,ALICORP SAA,INCIDENTE,"Se reporta un incidente laboral en CD Huachipa. Al promediar la 1 pm, en garita vehicular un personal de G4S se encontraba realizando una llamada telefónica y no se percató de sentarse correctamente en la silla y resbaló al suelo.
Inmediatamente se le dio atención y se realizó tele-consulta con central médica para la revisión con el especialista.  El médico le realizo consultas de evaluación al personal y revisión en caso se tenga algún hematoma. El médico validó que no se tenía alguna observación al respecto, y se cerró la incidencia compartiendo el reporte del médico al personal del incidente. Se reforzó con el personal la importancia de mantener un entorno seguro, movimientos concentrados y cuidado en todo aspecto laboral.",,,,tablero_2025_2026
APT PLANTA 1,2026-05-05,ALICORP SAA,INCIDENTE,"Se reporta un incidente de caída de insumo HLAS (Acido sulfónico) aproximadamente la 8:43 pm del día 05/05. El operador de montacarga se encontraba realizando la descarga de una unidad plataforma y, al momento de posicionarla en el piso para el traslado por parte del operador de transpaleta eléctrica hacia el almacén, se evidenció la caída de varios cilindros. Durante el incidente, uno de los cilindros presentó derrame del producto por la tapa. Como acción inmediata, se cercó y acordonó el área involucrada utilizando el kit antiderrame. Posteriormente, se realizó el recojo del material derramado y la limpieza correspondiente del área afectada. Una vez controlada la situación y asegurada el área, se reiniciaron las operaciones. ",,,,tablero_2025_2026
GALLETERA & INSTANTANEOS,2026-05-06,ALICORP SAA,INCIDENTE,"El miércoles 06 de mayo, aproximadamente a las 18:40 horas, un operador tercero sufrió un golpe en el pie derecho con la base del timón de una transpaleta manual. El incidente ocurrió cuando el operador intentó subir una pequeña rampa y otra persona intervino para ayudar empujando la carga desde la parte posterior. Debido a la fuerza aplicada durante la maniobra, el operador perdió estabilidad momentáneamente y al levantar el pie impactó contra la base del timón de la transpaleta.",,,,tablero_2025_2026
CAJAMARQUILLA,2026-05-07,MASTERBREAD,DANO MATERIAL,"Siendo las 17:05 horas, la unidad de transporte del cliente INNOVA & DISTRIBUCIÓN, a quien se le realiza la venta de residuos (cliente recoge), maniobrando de retroceso con la carrocería del furgón impacta en la parte superior de la estructura de la escalera que se encuentra anclada al piso, generando un quiebre en la base de la estructura, quedando la escalera inoperativa.",,,,tablero_2025_2026
GALLETERA & INSTANTANEOS,2026-05-07,ALICORP SAA,INCIDENTE,"El día 07/05/2026, aproximadamente a las 11:50 horas, el colaborador que se desempeña como operador de máquina se encontraba realizando sus funciones rutinarias cuando, de pronto, en la faja de la D1, por debajo de la escalera, se produjo el atoro de paquetes de galletas. Ante esta situación, el colaborador introdujo la mano en el espacio con la finalidad de liberar la faja; sin
embargo, tuvo contacto con un borde metálico con filo, ocasionándole un corte en la parte baja de la palma de la mano izquierda.",,,,tablero_2025_2026
GALLETERA & INSTANTANEOS,2026-05-07,ALICORP SAA,ALTO POTENCIAL,Se reporta un incidente en la planta de [NOMBRE] de producción de Postres – Boato al promediar las 7:30 am el equipo TEKNOTOK 2 generó un amago de incendio. Se procedió a detener toda actividad y derivar el caso con Mantemiento para las acciones correctivas.,,,,tablero_2025_2026
GALLETERA & INSTANTANEOS,2026-05-08,ALICORP SAA,INCIDENTE,"El día 08/05/2026, aproximadamente a las 07:30 horas, la colaboradora que se desempeña como operaria de producción se encontraba realizando sus funciones de alimentación de galletas a la línea, cuando de pronto se percata que se le generó una pequeña herida en el dedo meñique producto de la fricción durante la tarea.",,,,tablero_2025_2026
CD HUACHIPA,2026-05-08,ALICORP SAA,DANO MATERIAL,"Se reporta un incidente en CD Huachipa al promediar las 09:15PM con una unidad - placa CAI-841 (camión carreta) de la empresa Corporación XianFi S.A.C. Durante el viraje de la unidad, esta impactó levemente en la parte trasera de un montacarga que estaba estacionado de forma provisional (sin operador) cerca del acceso peatonal y muelle de carga. Solo se cuentan con daños materiales (abolladuras, daño en faro y cargador de máquina. Hace unos minutos hemos tenido un incidente de alto potencial en Huachipa. Durante el viraje de la unidad CAI841 de la empresa XianFi, esta impactó levemente en la parte posterior de un Montacargas que estaba estacionado de forma provisional (sin operador) cerca del acceso peatonal y muelle de carga.",,,,tablero_2025_2026
GALLETERA & INSTANTANEOS,2026-05-09,ALICORP SAA,INCIDENTE,"Aproximadamente a las 12:45 horas, la contratada se encontraba realizando labores de alimentación en la Línea 1. Producto de la fricción constante con la galleta se le pela la piel del primer dedo de la mano derecha.",,,,tablero_2025_2026
GALLETERA & INSTANTANEOS,2026-05-09,ALICORP SAA,INCIDENTE,"El sábado 9 de mayo, aproximadamente a las 21:15 horas, una operadora sufrió un golpe en el dedo medio de la mano derecha mientras intentaba desatorar galletas en el magazín lento de la máquina C1 de la línea de Bañados. El impacto se produjo contra una espiga de la cadena de arrastre.",,,,tablero_2025_2026
GALLETERA & INSTANTANEOS,2026-05-12,ALICORP SAA,INCIDENTE,"El día 12/05/2026, aproximadamente a las 10:00 am, la colaboradora que se desempeña como operaria de producción se encontraba realizando la actividad de alimentacion de galletas en envase primario en la máquina Pack C10 cuando al tratar de tomar una de las galletas que se atoró en la faja, le generó un corte superficial en el dedo índice de la mano derecha. Latrabajadora fue derivada al tópico para la debida atención y retornó a planta. El evento se encuentra en investigación.",,,,tablero_2025_2026
GALLETERA & INSTANTANEOS,2026-05-12,ALICORP SAA,INCIDENTE,"El día 12/05/2026, aproximadamente a las 13:30 hrs, el colaborador que se desempeña como operario de producción se encontraba realizando la actividad de alimentacion de galletas hacia los magazines, al tratar de tomar una de las pilas de galletas genera un leve rozamiento con las guías metálicas, ocasionándole un corte superficial en el tercer dedo de mano derecha.",,,,tablero_2025_2026
GALLETERA & INSTANTANEOS,2026-05-13,ALICORP SAA,INCIDENTE,"El día 13/05/2026, aproximadamente a las 09:15 am, la colabroadora que se desempeña como operaria de producción se encontraba realizando la actividad de alimentación de frascos para la producción de esencia de vainilla de 90ml, al momento de girar para desplazarse tropieza con una plataforma metálica ubicada cerca a la zona y cae al piso.",,,,tablero_2025_2026
GALLETERA & INSTANTANEOS,2026-05-12,ALICORP SAA,INCIDENTE,"Aproximadamente a las 15:00 horas, el operador de maquina envasadora realizaba la actividad de jalar el laminado de galleta vainilla, el quinto dedo de la mano derecha fricciona con parte del formador de lamina y sufre un corte en la mano derecha",,,,tablero_2025_2026
SIDSUR,2026-05-11,ALICORP SAA,ALTO POTENCIAL,"Alrededor de las 05:00 a. m., los trabajadores de la zona de elaboración observaron presencia de humo, generado por el abrazamiento de galleta en el pozo de término del horno. Inmediatamente, el personal procedió a detener la línea y activar el protocolo de emergencia, logrando controlar el evento de manera oportuna.",,,,tablero_2025_2026
GALLETERA & INSTANTANEOS,2026-05-14,ALICORP SAA,INCIDENTE,"Siendo aproximadamente las 18:40 horas, un colaborador se encontraba haciendo cambio de formato en la linea 2, cuando en eso retirando las varillas, su mano tiene contacto con un borde filoso, ocasionando un pequeno corte.",,,,tablero_2025_2026
MOLINO PAITA,2026-05-11,ALICORP SAA,INCIDENTE,"El lunes 11/05/2026 alrededor de las 10:00 am, Un colaborador del servicio de limpieza fina (empresa Cleaned) se encontraba realizando sus labores habituales en el 5to piso del área de Molino, cuando al intentar desplazar la aspiradora  sintió una leve contacto eléctrico.",,,,tablero_2025_2026
MOLINO FAUCETT,2026-05-15,ALICORP SAA,INCIDENTE,"El viernes 15/05/2026 alrededor de las 09:48 am, el Inspector de Seguridad se encontraba revisando los hallazgos de condiciones subestándar reportadas. Durante la verificación del estado de una manguera, procedió a mover un balón GLP, ocasionando la fuga de gas por desprendimiento de la manguera, sin tener contacto directo con el gas. De inmediato, se activó el protocolo de emergencia para su posterior control.  ",,,,tablero_2025_2026
GALLETERA & INSTANTANEOS,2026-05-16,ALICORP SAA,INCIDENTE,"El sábado 16 de mayo, aproximadamente a las 00:00 horas, un maquinista sufrió un corte en el dedo índice de la mano derecha mientras realizaba el cambio de laminado en la envasadora D1 de la línea 4. El corte se produjo con un borde filoso del formador de paquetes.",,,,tablero_2025_2026
GALLETERA & INSTANTANEOS,2026-05-16,ALICORP SAA,INCIDENTE,"El día 16/05/2026, aproximadamente a las 10:00 am, la colaboradora que se desempeña como operaria de producción, se encontraba realizando la actividad de alimentado de galletas en la envasadora C8 de la línea 3, cuando se percata de una herida en el dedo producto del rozamiento con la galleta y guías de la mesa de acomodo.",,,,tablero_2025_2026
GALLETERA & INSTANTANEOS,2026-05-16,ALICORP SAA,INCIDENTE,"El día 16/05/2026, aproximadamente a las 08:30 am, la colaboradora de la empresa PROLABORA quien se desempeña como operariade de producción, se encontraba bajando por la escalera de la mesa 4. Al momento de pisar el primer escalón, sufrio un resbalon, lo que ocasiono su caída al nivel del piso.",,,,tablero_2025_2026
NANA,2026-05-18,ALICORP SAA,INCIDENTE,"Aproximadamente a las 11:am, el operador de producción estaba limpiando por debajo de la faja del 3er nivel de envasado, cuando retira su brazo no se percata de un perno sobresalido, y se raspa el brazo derecho. Se comunicó con el monitor de turno para ser derivado al tópico donde fue atendido por la doctora, posteriormente regresó a sus actividades.",,,,tablero_2025_2026
LURIN 2,2026-05-16,INTRADEVCO,ALTO POTENCIAL,"Durante el abastecimiento de hipoclorito de sodio al 10.5% hacia el tanque de almacenamiento desde la planta de producción, se presentó una falla en el sensor de nivel del tanque, el cual no detectó que este había alcanzado su capacidad máxima y permitió que el proceso de llenado continuara. Como consecuencia, se produjo el desfogue de hipoclorito a través de la línea de venteo/tubería hacia la zona de tanques de lejía, generando un derrame aproximado de 7 toneladas de hipoclorito de sodio al 10.5% (equivalente a 6.31 m³). El evento se encuentra en investigación para tomar las acciones respectivas.",,,,tablero_2025_2026
PREDIO CENTRAL,2026-05-14,ALICORP SAA,INCIDENTE,"La cisterna de tracto M2P854, participante en un operativo de transporte de crudo, se encontraba saliendo en condición vacía del predio central. Durante el proceso, el conductor detuvo la unidad para realizar su segundo pesaje; sin embargo, al intentar reanudar la marcha, se evidenció la emisión de humo blanco proveniente de la parte inferior de la carrocería. Ante esta condición, se aproximó el inspector de seguridad, quien instruyó al conductor a retirar la llave de contacto y abstenerse de manipular la unidad hasta la llegada del auxilio mecánico.",,,,tablero_2025_2026
LURIN 2,2026-05-20,INTRADEVCO,INCIDENTE,"Durante las actividades de guía y capacitación a personal nuevo SENATI, una colaboradora realizaba la verificación de labores de primera inyección (máquina CINCINATI 2). Durante la revisión de rebaba, la trabajadora inclinó la cabeza para observar la tarea mientras su compañero manipulaba una cuchilla (cúter), produciéndose un corte superficial leve sobre el labio superior",,,,tablero_2025_2026
GALLETERA & INSTANTANEOS,2026-05-20,ALICORP SAA,INCIDENTE,"En línea de envasado L2, aproximadamente a las 10:45 hrs, un colaborador refiere estaba realizando limpieza de faja con una espatula metálica y al realizar el movimiento hacia delante en la faja que es rugosa se le desliza su mano hacia delante y se produce herida superficial en dedo pulgar de mano derecha.",,,,tablero_2025_2026
CD HUACHIPA,2026-05-04,ALICORP SAA,DANO MATERIAL,"Aproximadamente a la 01:00 a. m., el colaborador [NOMBRE] (ETV) se encontraba realizando labores de almacenamiento en dicha área. Al momento de ingresar, un order picker accede primero a la zona, y el colaborador procede a seguirlo manteniendo distancia; tras el paso del equipo, el colaborador no se da cuenta que la puerta se encontraba en proceso de cierre automático, impactando con la misma.",,,,tablero_2025_2026
GALLETERA & INSTANTANEOS,2026-05-05,ALICORP SAA,INCIDENTE,"Siendo aproximadamente las 12:40 pm, el colaborador se encontraba realizando la apertura de bolsas de insumos para la preparación de mezclas de instantáneos. Al momento de realizar el corte del cintillo plástico con la cuchilla, coloca el dedo en una posición cercana al punto de contacto, generándole un pequeño corte en el dedo índice de la mano izquierda.
El evento se encuentra en investigación.",,,,tablero_2025_2026
CD HUACHIPA,2026-05-08,ALICORP SAA,ALTO POTENCIAL,"Se reporta un incidente en CD Huachipa al promediar las 09:15PM con una unidad - placa CAI-841 (camión carreta) de la empresa Corporación XianFi S.A.C. Durante el viraje de la unidad, esta impactó levemente en la parte trasera de un montacarga que estaba estacionado de forma provisional (sin operador) cerca del acceso peatonal y muelle de carga. Solo se cuentan con daños materiales (abolladuras, daño en faro y cargador de máquina
Hace unos minutos hemos tenido un incidente de alto potencial en Huachipa. Durante el viraje de la unidad CAI841 de la empresa XianFi, esta impactó levemente en la parte posterior de un Montacargas que estaba estacionado de forma provisional (sin operador) cerca del acceso peatonal y muelle de carga",,,,tablero_2025_2026
MOLINO PAITA,2026-05-21,ALICORP SAA,INCIDENTE,"En la mañana de hoy 21/05, se identificó una máquina recién traída para el proyecto lego2 con presencia de gorgojos en el primer piso de limpia, lo cual alertó a los ingenieros de planta, quienes se acercaron al punto a validar la situación. [NOMBRE]. de Calidad comunica al técnico de plagas que se acerque al punto, cuando este llega, verifica que no hay nadie en ese piso y procede bloquear la zona e iniciar con el tratamiento de aspersión con producto cipermetrina, sin embargo, los ingenieros que habían llegado minutos antes se encontraban en el sótano 2 completando el recorrido, cuando comienzan a sentir un olor al producto químico, la Ing. [NOMBRE] observa mediante un orificio, cayéndole en el rostro algunas gotas del insecticida, y sale rápidamente en compañía de los demás. Luego siente una irritación y procede a lavarse el rostro con abundante agua y se comunicó a la central de emergencias quién la atendió y le dio seguimiento al caso, encontrándose estable al momento.",,,,tablero_2025_2026
SIDSUR,2026-05-21,ALICORP SAA,INCIDENTE,"Alrededor de las 9:30 El colaborador refiere que se encontraba realizando actividades de encajonado en el área de
Galletería. durante la manipulación y movilización de una caja de cartón el segundo dedo de la mano derecha
habría hecho contacto con el borde de la tapa de la caja, produciendose un corte superficial y leve sangrado en la
zona afectada.",,,,tablero_2025_2026
CD HUACHIPA,2026-05-21,ALICORP SAA,INCIDENTE,"En CD Huachipa, aproximadamente a las 02:45 pm, se registró un incidente en el patio de maniobras. El transporte de la empresa [NOMBRE], con placa AKD924, correspondiente al viaje 1000121022, durante la maniobra de estacionamiento y retroceso, impactó los pallets que se encontraban ubicados en la zona asignada. Se tomó el testimonio del transportista, quien manifestó no haberse percatado ni haber sentido el impacto durante la maniobra.No se reportaron daños al personal; sin embargo, algunos pallets resultaron caídos y/o desacomodados producto del incidente.",,,,tablero_2025_2026
GALLETERA & INSTANTANEOS,2026-05-22,ALICORP SAA,INCIDENTE,"El viernes 22 de mayo, aproximadamente a las 18:00 horas, una operaria de producción sufrió un golpe en el quinto dedo de la mano izquierda con el borde del soporte estructural del magazín de alimentación de la máquina Torre 2. ",,,,tablero_2025_2026
GALLETERA & INSTANTANEOS,2026-05-26,ALICORP SAA,INCIDENTE,"En la línea de envasado L3, aproximadamente a las 12:41 hrs, un colaborador se encontraba realizando la alimentación de galletas y se produce herida superficial en el 3er dedo de mano izquierda con el producto.De manera inmediata, comunico el hecho al Ingeniero de Turno y fue derivado al tópico para su evaluación.",,,,tablero_2025_2026
GALLETERA & INSTANTANEOS,2026-05-26,ALICORP SAA,INCIDENTE,"El día 26/05/2026 aproximadamente a las 13:55 horas, el colaborador que se desempeña como operario de producción, se encontraba en la mesa de acomodo realizando la tarea de alimentación de galletas, cuando intentó
mover una pila de bandejas hacia otra posición.Al momento de jalar la pila se golpea con la estructura porta bandejas que se encontraba al costado y le generó un corte en el dedo del medio de la mano derecha.",,,,tablero_2025_2026
GALLETERA & INSTANTANEOS,2026-05-26,ALICORP SAA,INCIDENTE,"Siendo aproximadamente las 02:40 pm, el colaborador que se desempeña como operador de producción, se encontraba realizando la limpieza de la cuchilla de arrastre del tunel de enfriamiento de chocotec 1, cuando al
momento de montar el polin de la faja, el peso del polin presiona la mano derecha contra una malla metálica generándole un raspón en los nudillos. Se traslada al colaborador al topico para recibir la atención correspondiente. Posteriormente regresa a planta. El evento se encuentra en investigación.",,,,tablero_2025_2026
CD AREQUIPA,2026-05-19,ALICORP SAA,INCIDENTE,"Siendo las 11:30 am aproximadamente, el operador de montacarga del [NOMBRE] se encontraba cargando una unidad estibada con Iolsa en el muelle del Anexo 5. Luego de abastecer una paleta de harina, el operador procede a transitar por el muelle para llevar otra paleta, cruzando la puerta de despacho. En ese momento, repentinamente, un estibador sale dentro del almacén y casi es alcanzado por el montacarga eléctrico. ",,,,tablero_2025_2026
CD1 LURIN,2026-05-14,ALICORP SAA,DANO MATERIAL,"El 14/05, aproximadamente a las 8:15 a.m., el conductor [NOMBRE] ingresó al almacén para realizar su carga y fue dirigido a estacionarse en la rampa 19. Durante la maniobra de salida y posicionamiento en retroceso, la unidad se aproximó excesivamente al lado derecho, impactando y desgarrando el portón de ingreso.A raíz del incidente, el portón sufrió daños que afectaron su correcto funcionamiento, por lo que se realizaron las reparaciones correspondientes. ",,,,tablero_2025_2026
CD2 LURIN,2026-05-26,ALICORP SAA,DANO MATERIAL,"Por medio del presente, se informa que el personal de Ransa, a las 10:30 horas aproximadamente del día 26/05/2026, generó un incidente en la zona de patio CD2, durante el proceso de descarga de un traslado interno desde una planta externa. El incidente ocurrió durante la extracción de una paleta desde la unidad de transporte (UT). Debido a una mala manipulación durante la operación, se generó la caída de 7 cajas desde una altura aproximada de 3 metros, ocasionando que dicho inventario pase a estatus de merma.",,,,tablero_2025_2026
MOLINO CALLAO,2026-05-26,ALICORP SAA,INCIDENTE,"Aproximadamente a las 23:35 horas, el trabajador se encontraba realizando labores de limpieza en séptimo piso de embolsado, específicamente en el retiro y manipulación de bandeja de rechazo de producto del equipo cernedor.
Durante la maniobra de descenso de la bandeja hacia su posición, el trabajador entró en contacto con la esquina metálica del rotulo, lo que ocasionó un corte superficial en el dedo pulgar de la mano derecha.",,,,tablero_2025_2026
GALLETERA & INSTANTANEOS,2026-05-27,ALICORP SAA,INCIDENTE,"El día 27/05/2026, aproximadamente a las 09:30 am, el colaborador que se desempeña como ayudantes de máquina se encontraba realizando la actividad de alimentación de cajas al equipo, cuando al momento de cortar el suncho de los paquetes de cajas, una partícula de plástico salta en dirección cercana a su ojo
causándole una molestia.",,,,tablero_2025_2026
MARGARINAS Y MANTECAS,2026-05-27,ALICORP SAA,ALTO POTENCIAL,"El día 27-may aproximadamente 03:30 pm, se reportó un incidente de alto potencial en el área de mantecas ubicada en planta Copsa.  Durante la producción regular por dicha línea se produce una fuga de amoniaco líquido por el vástago de la válvula de ingreso hacia el cristalizador. Al identificar la fuga, se cerró la válvula de ingreso de amoniaco a dicho equipo por parte del líder de mantecas siguiendo el protocolo de emergencia vigente lográndose contener la fuga. ",,,,tablero_2025_2026
GALLETERA & INSTANTANEOS,2026-05-28,ALICORP SAA,INCIDENTE,"Siendo aproximadamente a las 12:30 hrs, la colaboradora que se desempeña como operaria de producción se encontraba terminando su refrigerio. Saliendo del comedor de galletaría, al momento de bajar los últimos escalones de la escalera tropieza, sin embargo logra evitar la caída gracias a sostenerse de la
baranda. El evento es reportado para ser difundido durante el turno con el personal de planta.",,,,tablero_2025_2026
GALLETERA & INSTANTANEOS,2026-05-29,ALICORP SAA,INCIDENTE,"El viernes 29 de mayo, aproximadamente a las 20:50 horas, una aprendiz reportó una herida en el dedo índice de la mano izquierda mientras realizaba la alimentación de galletas hacia la envasadora C9 de línea 3.
",,,,tablero_2025_2026
GALLETERA & INSTANTANEOS,2026-05-29,ALICORP SAA,INCIDENTE,"Siendo aproximadamente las 03:00 horas, una colaboradora se encontraba haciendo inspeccion en el rayo x de la linea 1, y al momento de trasladarse por la zona se golpea el muslo con una varilla que sobrasele de la faja.",,,,tablero_2025_2026
GALLETERA & INSTANTANEOS,2026-05-30,ALICORP SAA,INCIDENTE,"En la línea de envasado L1, aproximadamente a las 20:15 horas, un colaborador se encontraba realizando la alimentación de galletas desde la mesa de acomodo hacia los magazines. Al momento de tomar una bandeja de galletas, sufrió una herida superficial en el tercer dedo de la mano derecha, ocasionada por chocar con la estructura de las guías de la mesa de acomodo.",,,,tablero_2025_2026
GALLETERA & INSTANTANEOS,2026-05-30,ALICORP SAA,INCIDENTE,"En la línea de envasado L1, aproximadamente a las 16:20 hrs, un colaborador se encontraba realizando la alimentación de paquetes primarios hacia la envasadora pack, en un momento los paquetes primarios salen sin sellar y  se procede a retirarlos, es ahí donde se produce una herida superficial en el 5to dedo de mano izquierda",,,,tablero_2025_2026
GALLETERA & INSTANTANEOS,2026-05-31,ALICORP SAA,INCIDENTE,"Aproximadamente a las 16:20 horas, un operador sufrió un corte superficial en la muñeca izquierda mientras realizaba la actividad de pelado de galletas en la máquina T2B. Durante la disposición de una envoltura plástica en el contenedor de residuos, el trabajador realizó un movimiento de alcance y entró en contacto con un borde filoso ubicado en una canaleta de protección, provocándose la lesión",,,,tablero_2025_2026
CD1 DETERGENTES LURIN,2026-06-26,ALICORP SAA,INCIDENTE,"El viernes 26.06.2026, durante el proceso del carguío, la empresa de Transportes ROSYMAR Perú, con la placa CFB-784/ BTN-970, al hacer una maniobra para terminar de estacionar la UT en la rampa N°1, terminó colisionando contra la baranda peatonal.",,,,tablero_2025_2026
DETERGENTES CALLAO,2026-06-30,ALICORP SAA,INCIDENTE,"Aproximadamente a las 20:00 hrs del 30/06, durante la limpieza regular
del filtro de SLOP, se produjo el derrame de detergente recuperado por la
tuberia abierta por la limpieza del filtro.Una vez identificada la desviacion se realizo la detención del proceso, se
culminó la limpieza de filtro y se realizó la limpieza del área afectada.
No se registraron daños personales ni materiales.",,,,tablero_2025_2026
DETERGENTE LURIN,2026-06-30,ALICORP SAA,ALTO POTENCIAL,"Alas 17:50 horas, en el area de [NOMBRE] y como parte de la elaboracion del
slurry, se realizaba la carga de sulfato de sodio desde la tolva de almacenamiento hacia la
balanza automatica. Durante esta operación, se genero una emisión de polvo al ambiente
provocada por el aire encapsulado en el producto durante su transferencia.",,,,tablero_2025_2026
COCHABAMBA,2026-07-01,ALICORP BOLIVIA,DANO MATERIAL,"El 1 de julio de 2026, aproximadamente a las 03:30 horas, en la avenida 2 (punto de descarga de SEBO), el montacarga golpeó con una de las llantas el parachoques de un camión de cisterna de SEBO mientras se dirigía a recoger producto terminado.",,,,tablero_2025_2026
GALLETERA & INSTANTANEOS,2026-07-02,ALICORP SAA,INCIDENTE,"El jueves 02 de julio, aproximadamente a las 09:25 h, colaborador reportó que mientras se encontraba realizando sus funciones en Rayos X L2, presenta contacto accidental del primer dedo con borde filoso del equipo produciendo herida superficial. El colaborador fue derivado al tópico para atención.",,,,tablero_2025_2026
MARGARINAS Y MANTECAS,2026-07-02,ALICORP SAA,INCIDENTE,"El jueves 02 de julio, aproximadamente a las 05:10 hr, el personal tercero de la empresa [NOMBRE] reportó que mientras se encontraba realizando las funciones de encajado en la línea de bloques de margarinas sufre un corte superficial por contacto del cuarto dedo de su mano derecha con el transportador de tablillas de cajas con producto terminado. El personal fue derivado al tópico para atención.",,,,tablero_2025_2026
SIDSUR,2026-07-06,ALICORP SAA,INCIDENTE,"Siendo el día 06/07/2026 de a las 09:25 a.m. El colaborador de la planta galletas, las actividades de apilado en la línea 1, refiere que mientras descendía en la plataforma de 2 pasos al pisar el último peldaño, sintió un dolor
en la rodilla derecha, indica que en ese momento el dolor era muy leve, sin embargo al momento de finalizar el turno alrededor de la 1:15 p.m.",,,,tablero_2025_2026
LURIN 1,2026-07-06,ALICORP SAA,INCIDENTE,"Siendo aproximadamente las 03:05 p.m., un colaborador del area de Almacen se encontraba realizando el almacenamiento de paletas en el rack del cuarto nivel. Durante la maniobra, la parte superior de las
cajas impacto con la viga del rack, ocasionando la caída de cuatro cajas hacia el tercer nivel, afectando
dos paletas diferentes. El evento fue reportado de inmediato al supervisor de turno, quien dispuso el descenso de las dospaletas involucradas para su verificación. Una vez ubicadas en el piso, se evidenció que algunas cajas
se encontraban rotas y mojadas, afectando el contenido de ambas paletas. ",,,,tablero_2025_2026
LURIN 1,2026-07-08,ALICORP SAA,INCIDENTE,"El 08 de julio de 2026, aproximadamente a las 13:00 horas, durante la producción del formato WC Plus 500 mL en la línea KTF, se presentó un atoro de tapas en la tolva de alimentación. Durante las acciones para retirar la obstrucción, el colaborador sufrió un raspón superficial en la mano izquierda. Al inspeccionar el equipo, se identificó un alambre interno expuesto en la manguera de alimentación de tapas, el cual ocasionó la lesión por contacto.",,,,tablero_2025_2026
GALLETERA & INSTANTANEOS,2026-07-10,ALICORP SAA,INCIDENTE,Siendo las 20:00 horas la Aprendiz de Senati se encontraba realizando la actividad de alimentación de granel de [NOMBRE] desde la mesa de acomodo hacia los magazines de la envasadora Torre 2B y de pronto sufre un leve raspón a la altura del antebrazo izquierdo.,,,,tablero_2025_2026
APT MFA,2026-07-09,ALICORP SAA,ALTO POTENCIAL,"Siendo aproximadamente las 11:00 a. m., el conductor se encontraba realizando la apertura de las puertas posteriores de la unidad como parte de la inspección previa al carguío, cuando la puerta posterior izquierda cedió de manera inesperada, quedando suspendida.",,,,tablero_2025_2026
CAJAMARQUILLA,2026-07-11,ALICORP SAA,INCIDENTE,"Al abrir el saco, percibió olor a gas, por lo que dio aviso inmediato al área de Mantenimiento para realizar la medición de PH₃ (fosfina). La medición efectuada con el equipo arrojó un valor de 5 ppm, superando el [NOMBRE] de [NOMBRE] (TWA 8 horas) establecido en 0,3 ppm. Como medida de verificación, se realizó una medición de confirmación directamente en los sacos de maíz ubicados en el camión, obteniéndose resultados similares.",,,,tablero_2025_2026
GALLETERA & INSTANTANEOS,2026-07-11,ALICORP SAA,INCIDENTE,"La colaboradora refiere que el día 10/07, al finalizar su jornada laboral y salir por la [NOMBRE], sufrió un golpe en el segundo dedo de la mano derecha al accionar el botón de apertura de la puerta metálica.",,,,tablero_2025_2026
GALLETERA & INSTANTANEOS,2026-07-10,ALICORP SAA,INCIDENTE,"Siendo aproximadamente las 10:50 p. m., una operadora de producción de la Línea 4, perteneciente a la empresa Prolabora, transitaba por las inmediaciones de la envasadora D3 cuando sufrió un resbalón debido a la presencia de acumulación de producto en el piso. Como consecuencia, cayó sobre su brazo izquierdo, ocasionándose un golpe en dicha extremidad.",,,,tablero_2025_2026
DETERGENTES CALLAO,2026-12-07,ALICORP SAA,ALTO POTENCIAL,"Aproximadamente a las 16:00 horas, el personal de Producción de Detergentes reportó la caída de una paleta de LES ([NOMBRE] de Sodio al 70%), ubicada en la zona de recepción del almacén de Detergentes. La carga estaba conformada por cinco cilindros de 170 kg cada uno y se encontraba apilada sobre otra paleta de las mismas características. Tras el incidente, el personal de planta procedió a asegurar el área mediante el uso del kit antiderrames y comunicó oportunamente lo ocurrido a las áreas involucradas.",,,,tablero_2025_2026
JABONERIA,2026-07-13,ALICORP SAA,INCIDENTE,"El día Lunes 13.07.2026 a las 00:33 horas, se reportó un aniego de agua originado por el desborde de la poza de efluentes de la Planta de Frascos, lo que ocasionó el ingreso de agua al primer piso de la Planta de Jabonería",,,,tablero_2025_2026
SALSAS 4 – COPSA,2026-07-13,ALICORP SAA,INCIDENTE,"El día Lunes 13.07.2026 a las 10:50 am, se reportó un aniego de agua originado por la fuga de agua en un lavadero del 1er Piso de la [NOMBRE] 4.",,,,tablero_2025_2026
SIDSUR,2026-07-13,ALICORP SAA,INCIDENTE,"Siendo aproximadamente las 3:00 p. m., en el área de Galletería, segundo nivel, Línea 1, durante el reemplazo de tareas, una colaboradora de SENATI, al parase de la silla de trabajo, impactó su cabeza contra el panel de control del equipo Multipack (Equipo fuera de uso).",,,,tablero_2025_2026
NANA,2026-07-16,ALICORP SAA,INCIDENTE,"Aproximadamente a las 7:40 am, el operador de envasado estaba realizando una inspección de mordaza, y al momento de levantarse no se percata de la pantalla de la envasadora golpeándose la cabeza con la parte trasera de la estructura.",,,,tablero_2025_2026
GALLETERA & INSTANTANEOS,2026-07-16,ALICORP SAA,INCIDENTE,"Siendo aproximadamente las 01:10 horas, una colaboradora se encontraba alimentando galletas en la línea 1, al momento de sentarse apoya su pie izquierdo en una bandeja que sirve para recolectar galletas no conformes, esta bandeja con la presion del pie se gira y provoca un golpe en la rodilla",,,,tablero_2025_2026
SIDSUR,2026-07-15,ALICORP SAA,INCIDENTE,"La colaboradora [NOMBRE] (Operaria de producción) al momento de mover las gavetas con soda V para ingresar a la linea de empaques las galletas envasadas, tropieza con otra pila de gavetas (el área estaba con varias de estas y con poco espacio de movilidad), golpeandoce en la tibia de la pierna derecha con la generando una hinchazón en la parte afectada. Seguidamente, se acercó al coordinador de turno para realizar el reporte y solicitar su atención correspondiente.",,,,tablero_2025_2026
SIDSUR,2026-07-17,ALICORP SAA,INCIDENTE,"La colaboradora de SENATI - Galletería, [NOMBRE] al reincorporarse a su puesto de trabajo, descendía por las escaleras de la Línea 1 cuando, al pisar los dos últimos peldaños, sufrió un resbalón, perdiendo el equilibrio y cayendo, lo que le ocasionó golpes en la pantorrilla derecha y en la región lumbar (espalda baja).
",,,,tablero_2025_2026
MOLINO CALLAO,2026-07-17,ALICORP SAA,INCIDENTE,"Aproximadamente a las 18:30 horas, durante la operación de la línea Foodservice, dos operadores reportaron enrojecimiento y leves raspones en los nudillos de las manos. Esto ocurrió luego de realizar el acomodo manual de sacos, los cuales presentaban mayor volumen de lo habitual, requiriendo un esfuerzo adicional para su correcta disposición.",,,,tablero_2025_2026
GALLETERA & INSTANTANEOS,2026-07-17,ALICORP SAA,INCIDENTE,Siendo las 09:20 horas el Operario de producción se encontraba realizando la actividad de colocación de estación de bolsas para reproceso en la envasadora C9 y al intentar colocar dicha estación se percata que esta no ingresaba con facilidad y decide ejercer presión con ambas manos y sufre una leve excoriación en el segundo nudillo de la mano derecha.,,,,tablero_2025_2026
LURIN 3,2026-07-18,ALICORP SAA,INCIDENTE,"Siendo las 14:00 horas, un operador de la empresa Thel, quien realizaba trabajos con un manlift en la zona de despacho de HLAS efectuó una maniobra incorrecta, impactando con la línea de vida y provocando la activación del absorbedor de impacto, lo que dejó el sistema fuera de servicio.",,,,tablero_2025_2026
PREDIO CALLAO,2026-07-21,ALICORP SAA,INCIDENTE,"El martes 21 de julio, aproximadamente a las 14:30 horas, una operadora tercera reportó un golpe en la región palmar de la mano izquierda mientras realizaba el movimiento de 3 bandejas vacías de galletas.",,,,tablero_2025_2026
CD HUACHIPA,2026-07-21,ALICORP SAA,INCIDENTE,"Aproximadamente a las 5:30 p. m., un operador que conducía un Equipo de [NOMBRE] (ETV) se disponía a salir del almacén con dirección a la sala de baterías. Durante el desplazamiento, la parte superior del equipo impactó contra la parte inferior de la puerta elevadiza, ocasionando el hundimiento de la estructura e impidiendo posteriormente su cierre.",,,,tablero_2025_2026
APT MCA,2026-07-25,ALICORP SAA,ALTO POTENCIAL,"Aproximadamente a las 17:40 horas, OME del Apt. se encontraba reubicando PNC de la zona de producción con el fin de liberar espacio para la circulación de una escalera y otros materiales a pedido del contratista de planta, En la maniobra impacta con la carga, al manómetro del manifold del SCI; como consecuencia se produce una fuga de agua presurizada del sistema, generando un charco de agua en la zona. El OME informa al JT quien cierra la válvula del manifold para contener la citada fuga, se comunica al equipo de seguridad de planta  y se dispone la recolección y limpieza del agua en la zona.",,,,tablero_2025_2026
CD HUACHIPA,2026-07-18,ALICORP SAA,INCIDENTE,"En coordinación entre el equipo de CD Huachipa y el proveedor NSF, se programó la actividad de desinsectación del predio de CD Huachipa, la cual estaba prevista para ejecutarse el sábado 18/07/26.",,,,tablero_2025_2026
APT FARINACEOS,2026-07-24,ALICORP SAA,INCIDENTE,"El 20 de julio aproximadamente a las 11:10 PM, un colaborador se encontraba realizando labores de traslado de paletas hacia la zona de abastecimiento del APT Galletera con su equipo asignado ETV. Al efectuar la maniobra de retroceso con el equipo, no se percató que la puerta automática estaba descendiendo, ocasionando que la parte superior del mástil impactara con la puerta.",,,,tablero_2025_2026
APT FARINACEOS,2026-07-20,ALICORP SAA,INCIDENTE,"El 20 de julio, aproximadamente a las 12:45 PM, un colaborador se encontraba en el patio de maniobras del APT Fideería cuando, al acercarse a la zona de montacargas, percibió olor a gas. El colaborador logró identificar que la fuga provenía de uno de los balones de GLP de uno de los equipos estacionados y procedió a comunicar el evento al analista de turno. ",,,,tablero_2025_2026
GALLETERA & INSTANTANEOS,2026-07-31,ALICORP SAA,INCIDENTE,"El viernes 31 de julio, aproximadamente a las 13:35 horas, un operador reportó una herida superficial en el dedo pulgar de la mano izquierda mientras realizaba el cambio de teflón del formador de la máquina D1 sobre su mesa de trabajo. Durante la maniobra, el dedo del colaborador hizo contacto con un borde filoso del componente.",,,,tablero_2025_2026
GALLETERA & INSTANTANEOS,2026-07-31,ALICORP SAA,INCIDENTE,"Siendo las 04:50 horas del 31/07, una operaria de Producción de Galletas se dispuso a ingresar a la planta y encontró la puerta de la aduana cerrada, con un cartel de señalización que indicaba “Prohibido pasar”. Sin embargo, la colaboradora hizo caso omiso a la restricción e ingresó a la planta con la finalidad de registrar su asistencia y ubicar al ingeniero de turno.",,,,tablero_2025_2026
